id,kingdom,phylum,class,order,family,genus
16431887295229433912,Riboviria,Negarnaviricota,Chunqiuviricetes,Muvirales,Qinviridae,Yingvirus
10986223957092199917,Riboviria,Negarnaviricota,Milneviricetes,Serpentovirales,Aspiviridae,Ophiovirus
12242979457688466740,Riboviria,Negarnaviricota,Monjiviricetes,Jingchuvirales,Chuviridae,Mivirus
5105989191405948457,Riboviria,Negarnaviricota,Monjiviricetes,Mononegavirales,Artoviridae,Peropuvirus
17876960706294944686,Riboviria,Negarnaviricota,Monjiviricetes,Mononegavirales,Bornaviridae,Carbovirus
4736919816011835948,Riboviria,Negarnaviricota,Monjiviricetes,Mononegavirales,Bornaviridae,Cultervirus
3082548313046615553,Riboviria,Negarnaviricota,Monjiviricetes,Mononegavirales,Bornaviridae,Orthobornavirus
7798454845784221149,Riboviria,Negarnaviricota,Monjiviricetes,Mononegavirales,Filoviridae,Cuevavirus
16838017352805328464,Riboviria,Negarnaviricota,Monjiviricetes,Mononegavirales,Filoviridae,Ebolavirus
11983839311494457873,Riboviria,Negarnaviricota,Monjiviricetes,Mononegavirales,Filoviridae,Marburgvirus
15309942193435525004,Riboviria,Negarnaviricota,Monjiviricetes,Mononegavirales,Filoviridae,Striavirus
41172842870245374,Riboviria,Negarnaviricota,Monjiviricetes,Mononegavirales,Filoviridae,Thamnovirus
67958657791029117,Riboviria,Negarnaviricota,Monjiviricetes,Mononegavirales,Lispiviridae,Arlivirus
187101247002099504,Riboviria,Negarnaviricota,Monjiviricetes,Mononegavirales,Mymonaviridae,Sclerotimonavirus
13685027387472743986,Riboviria,Negarnaviricota,Monjiviricetes,Mononegavirales,Nyamiviridae,Berhavirus
5838912745945718308,Riboviria,Negarnaviricota,Monjiviricetes,Mononegavirales,Nyamiviridae,Crustavirus
16912545198946224578,Riboviria,Negarnaviricota,Monjiviricetes,Mononegavirales,Nyamiviridae,Nyavirus
14303759166777669162,Riboviria,Negarnaviricota,Monjiviricetes,Mononegavirales,Nyamiviridae,Orinovirus
4515219183435876956,Riboviria,Negarnaviricota,Monjiviricetes,Mononegavirales,Nyamiviridae,Socyvirus
7285178367980690458,Riboviria,Negarnaviricota,Monjiviricetes,Mononegavirales,Nyamiviridae,Tapwovirus
16450065633258867310,Riboviria,Negarnaviricota,Monjiviricetes,Mononegavirales,Paramyxoviridae,Metaavulavirus
7768015065805366799,Riboviria,Negarnaviricota,Monjiviricetes,Mononegavirales,Paramyxoviridae,Orthoavulavirus
11913401453996499450,Riboviria,Negarnaviricota,Monjiviricetes,Mononegavirales,Paramyxoviridae,Paraavulavirus
14021248853267051228,Riboviria,Negarnaviricota,Monjiviricetes,Mononegavirales,Paramyxoviridae,Synodonvirus
9702721711421345349,Riboviria,Negarnaviricota,Monjiviricetes,Mononegavirales,Paramyxoviridae,Aquaparamyxovirus
15406756804124443288,Riboviria,Negarnaviricota,Monjiviricetes,Mononegavirales,Paramyxoviridae,Ferlavirus
2504386004813385893,Riboviria,Negarnaviricota,Monjiviricetes,Mononegavirales,Paramyxoviridae,Henipavirus
757259763158002992,Riboviria,Negarnaviricota,Monjiviricetes,Mononegavirales,Paramyxoviridae,Jeilongvirus
12388638486992324274,Riboviria,Negarnaviricota,Monjiviricetes,Mononegavirales,Paramyxoviridae,Morbillivirus
2328353104115917455,Riboviria,Negarnaviricota,Monjiviricetes,Mononegavirales,Paramyxoviridae,Narmovirus
13830669263945655641,Riboviria,Negarnaviricota,Monjiviricetes,Mononegavirales,Paramyxoviridae,Respirovirus
3138574935693826739,Riboviria,Negarnaviricota,Monjiviricetes,Mononegavirales,Paramyxoviridae,Salemvirus
10172915816436234838,Riboviria,Negarnaviricota,Monjiviricetes,Mononegavirales,Paramyxoviridae,Orthorubulavirus
12479427947466276315,Riboviria,Negarnaviricota,Monjiviricetes,Mononegavirales,Paramyxoviridae,Pararubulavirus
17836479755945446304,Riboviria,Negarnaviricota,Monjiviricetes,Mononegavirales,Paramyxoviridae,
4813843340694442559,Riboviria,Negarnaviricota,Monjiviricetes,Mononegavirales,Pneumoviridae,Metapneumovirus
7795510779458315177,Riboviria,Negarnaviricota,Monjiviricetes,Mononegavirales,Pneumoviridae,Orthopneumovirus
12215158383790949016,Riboviria,Negarnaviricota,Monjiviricetes,Mononegavirales,Rhabdoviridae,Almendravirus
7983271630847977768,Riboviria,Negarnaviricota,Monjiviricetes,Mononegavirales,Rhabdoviridae,Alphanemrhavirus
15085871912828184643,Riboviria,Negarnaviricota,Monjiviricetes,Mononegavirales,Rhabdoviridae,Caligrhavirus
4035336617291901098,Riboviria,Negarnaviricota,Monjiviricetes,Mononegavirales,Rhabdoviridae,Curiovirus
10127373407055578894,Riboviria,Negarnaviricota,Monjiviricetes,Mononegavirales,Rhabdoviridae,Cytorhabdovirus
7189164002964722050,Riboviria,Negarnaviricota,Monjiviricetes,Mononegavirales,Rhabdoviridae,Dichorhavirus
15854224484528195467,Riboviria,Negarnaviricota,Monjiviricetes,Mononegavirales,Rhabdoviridae,Ephemerovirus
6344704637622160210,Riboviria,Negarnaviricota,Monjiviricetes,Mononegavirales,Rhabdoviridae,Hapavirus
6540816204607987407,Riboviria,Negarnaviricota,Monjiviricetes,Mononegavirales,Rhabdoviridae,Ledantevirus
6864770570547739827,Riboviria,Negarnaviricota,Monjiviricetes,Mononegavirales,Rhabdoviridae,Lyssavirus
6266264063784907526,Riboviria,Negarnaviricota,Monjiviricetes,Mononegavirales,Rhabdoviridae,Novirhabdovirus
2029091229667052575,Riboviria,Negarnaviricota,Monjiviricetes,Mononegavirales,Rhabdoviridae,Nucleorhabdovirus
3194454678845297747,Riboviria,Negarnaviricota,Monjiviricetes,Mononegavirales,Rhabdoviridae,Perhabdovirus
11065209778624792189,Riboviria,Negarnaviricota,Monjiviricetes,Mononegavirales,Rhabdoviridae,Sigmavirus
8815154265869161156,Riboviria,Negarnaviricota,Monjiviricetes,Mononegavirales,Rhabdoviridae,Sprivivirus
801165215194058291,Riboviria,Negarnaviricota,Monjiviricetes,Mononegavirales,Rhabdoviridae,Sripuvirus
4491227784806410388,Riboviria,Negarnaviricota,Monjiviricetes,Mononegavirales,Rhabdoviridae,Tibrovirus
16025232392361169412,Riboviria,Negarnaviricota,Monjiviricetes,Mononegavirales,Rhabdoviridae,Tupavirus
17177173481697173066,Riboviria,Negarnaviricota,Monjiviricetes,Mononegavirales,Rhabdoviridae,Varicosavirus
14958169429496544294,Riboviria,Negarnaviricota,Monjiviricetes,Mononegavirales,Rhabdoviridae,Vesiculovirus
13514518747117778892,Riboviria,Negarnaviricota,Monjiviricetes,Mononegavirales,Rhabdoviridae,
478732142912003624,Riboviria,Negarnaviricota,Monjiviricetes,Mononegavirales,Sunviridae,Sunshinevirus
6983760194418354136,Riboviria,Negarnaviricota,Monjiviricetes,Mononegavirales,Xinmoviridae,Anphevirus
12879639796114193714,Riboviria,Negarnaviricota,Yunchangviricetes,Goujianvirales,Yueviridae,Yuyuevirus
14521865114097574856,Riboviria,Negarnaviricota,Ellioviricetes,Bunyavirales,Arenaviridae,Antennavirus
13915242462843166765,Riboviria,Negarnaviricota,Ellioviricetes,Bunyavirales,Arenaviridae,Hartmanivirus
6688520051045230574,Riboviria,Negarnaviricota,Ellioviricetes,Bunyavirales,Arenaviridae,Mammarenavirus
9561219917869942618,Riboviria,Negarnaviricota,Ellioviricetes,Bunyavirales,Arenaviridae,Reptarenavirus
6538534730324118382,Riboviria,Negarnaviricota,Ellioviricetes,Bunyavirales,Cruliviridae,Lincruvirus
1799131917137714874,Riboviria,Negarnaviricota,Ellioviricetes,Bunyavirales,Fimoviridae,Emaravirus
12694468125203531078,Riboviria,Negarnaviricota,Ellioviricetes,Bunyavirales,Hantaviridae,Actinovirus
17427068231717597009,Riboviria,Negarnaviricota,Ellioviricetes,Bunyavirales,Hantaviridae,Agnathovirus
3608758677433322999,Riboviria,Negarnaviricota,Ellioviricetes,Bunyavirales,Hantaviridae,Loanvirus
560017561549971941,Riboviria,Negarnaviricota,Ellioviricetes,Bunyavirales,Hantaviridae,Mobatvirus
6734779100915654796,Riboviria,Negarnaviricota,Ellioviricetes,Bunyavirales,Hantaviridae,Orthohantavirus
10657675552384515246,Riboviria,Negarnaviricota,Ellioviricetes,Bunyavirales,Hantaviridae,Thottimvirus
845094456231544031,Riboviria,Negarnaviricota,Ellioviricetes,Bunyavirales,Hantaviridae,Reptillovirus
6362129377183308451,Riboviria,Negarnaviricota,Ellioviricetes,Bunyavirales,Leishbuviridae,Shilevirus
16343524273186040621,Riboviria,Negarnaviricota,Ellioviricetes,Bunyavirales,Mypoviridae,Hubavirus
11582165327044001522,Riboviria,Negarnaviricota,Ellioviricetes,Bunyavirales,Nairoviridae,Orthonairovirus
10058619017065156599,Riboviria,Negarnaviricota,Ellioviricetes,Bunyavirales,Nairoviridae,Shaspivirus
6764455000455507912,Riboviria,Negarnaviricota,Ellioviricetes,Bunyavirales,Nairoviridae,Striwavirus
9634698387590720067,Riboviria,Negarnaviricota,Ellioviricetes,Bunyavirales,Peribunyaviridae,Herbevirus
11495801598432880073,Riboviria,Negarnaviricota,Ellioviricetes,Bunyavirales,Peribunyaviridae,Orthobunyavirus
13112451437061182831,Riboviria,Negarnaviricota,Ellioviricetes,Bunyavirales,Peribunyaviridae,Pacuvirus
2077717549050823034,Riboviria,Negarnaviricota,Ellioviricetes,Bunyavirales,Peribunyaviridae,Shangavirus
18356072344365279499,Riboviria,Negarnaviricota,Ellioviricetes,Bunyavirales,Phasmaviridae,Feravirus
3873027104127254118,Riboviria,Negarnaviricota,Ellioviricetes,Bunyavirales,Phasmaviridae,Inshuvirus
8496409952712736017,Riboviria,Negarnaviricota,Ellioviricetes,Bunyavirales,Phasmaviridae,Jonvirus
4774997224308042346,Riboviria,Negarnaviricota,Ellioviricetes,Bunyavirales,Phasmaviridae,Orthophasmavirus
13242750459580088700,Riboviria,Negarnaviricota,Ellioviricetes,Bunyavirales,Phasmaviridae,Sawastrivirus
8555814069948171805,Riboviria,Negarnaviricota,Ellioviricetes,Bunyavirales,Phasmaviridae,Wuhivirus
16150674746597291774,Riboviria,Negarnaviricota,Ellioviricetes,Bunyavirales,Phenuiviridae,Banyangvirus
5537948496646043601,Riboviria,Negarnaviricota,Ellioviricetes,Bunyavirales,Phenuiviridae,Beidivirus
7087454157701593345,Riboviria,Negarnaviricota,Ellioviricetes,Bunyavirales,Phenuiviridae,Goukovirus
10364750845732219433,Riboviria,Negarnaviricota,Ellioviricetes,Bunyavirales,Phenuiviridae,Horwuvirus
14401730883585887997,Riboviria,Negarnaviricota,Ellioviricetes,Bunyavirales,Phenuiviridae,Hudivirus
933696061255773347,Riboviria,Negarnaviricota,Ellioviricetes,Bunyavirales,Phenuiviridae,Hudovirus
16329712904260948997,Riboviria,Negarnaviricota,Ellioviricetes,Bunyavirales,Phenuiviridae,Kabutovirus
17801683011666649613,Riboviria,Negarnaviricota,Ellioviricetes,Bunyavirales,Phenuiviridae,Laulavirus
2511832851611119252,Riboviria,Negarnaviricota,Ellioviricetes,Bunyavirales,Phenuiviridae,Mobuvirus
8093686617300619903,Riboviria,Negarnaviricota,Ellioviricetes,Bunyavirales,Phenuiviridae,Phasivirus
16081461481970522548,Riboviria,Negarnaviricota,Ellioviricetes,Bunyavirales,Phenuiviridae,Phlebovirus
16290483910064311059,Riboviria,Negarnaviricota,Ellioviricetes,Bunyavirales,Phenuiviridae,Pidchovirus
2881004512089567385,Riboviria,Negarnaviricota,Ellioviricetes,Bunyavirales,Phenuiviridae,Tenuivirus
788762928123961883,Riboviria,Negarnaviricota,Ellioviricetes,Bunyavirales,Phenuiviridae,Wenrivirus
6489896520088621061,Riboviria,Negarnaviricota,Ellioviricetes,Bunyavirales,Phenuiviridae,Wubeivirus
16207226424290787986,Riboviria,Negarnaviricota,Ellioviricetes,Bunyavirales,Tospoviridae,Orthotospovirus
12764397408066337172,Riboviria,Negarnaviricota,Ellioviricetes,Bunyavirales,Wupedeviridae,Wumivirus
15202583352669188382,Riboviria,Negarnaviricota,Ellioviricetes,Bunyavirales,,Coguvirus
12248619720928444676,Riboviria,Negarnaviricota,Insthoviricetes,Articulavirales,Amnoonviridae,Tilapinevirus
5744707928913579135,Riboviria,Negarnaviricota,Insthoviricetes,Articulavirales,Orthomyxoviridae,Alphainfluenzavirus
3540303981047000998,Riboviria,Negarnaviricota,Insthoviricetes,Articulavirales,Orthomyxoviridae,Betainfluenzavirus
3526902976511119232,Riboviria,Negarnaviricota,Insthoviricetes,Articulavirales,Orthomyxoviridae,Deltainfluenzavirus
8544674974614756971,Riboviria,Negarnaviricota,Insthoviricetes,Articulavirales,Orthomyxoviridae,Gammainfluenzavirus
11546253949128672965,Riboviria,Negarnaviricota,Insthoviricetes,Articulavirales,Orthomyxoviridae,Isavirus
10729034919796206769,Riboviria,Negarnaviricota,Insthoviricetes,Articulavirales,Orthomyxoviridae,Quaranjavirus
10485222245714913919,Riboviria,Negarnaviricota,Insthoviricetes,Articulavirales,Orthomyxoviridae,Thogotovirus
2340961685123640004,Riboviria,,,Nidovirales,Abyssoviridae,Alphaabyssovirus
9003271253481764126,Riboviria,,,Nidovirales,Arteriviridae,Muarterivirus
5059058888491884366,Riboviria,,,Nidovirales,Arteriviridae,Alphaarterivirus
9822643946577668285,Riboviria,,,Nidovirales,Arteriviridae,Lambdaarterivirus
1929523292592245021,Riboviria,,,Nidovirales,Arteriviridae,Deltaarterivirus
1562974054683213313,Riboviria,,,Nidovirales,Arteriviridae,Deltaarterivirus
7122683270145555656,Riboviria,,,Nidovirales,Arteriviridae,Epsilonarterivirus
9806167475374396102,Riboviria,,,Nidovirales,Arteriviridae,Etaarterivirus
6895781716064219370,Riboviria,,,Nidovirales,Arteriviridae,Iotaarterivirus
6192772399973596345,Riboviria,,,Nidovirales,Arteriviridae,Iotaarterivirus
11442587663722722931,Riboviria,,,Nidovirales,Arteriviridae,Thetaarterivirus
14942507969855568268,Riboviria,,,Nidovirales,Arteriviridae,Thetaarterivirus
15643020649446344048,Riboviria,,,Nidovirales,Arteriviridae,Zetaarterivirus
11276786216135252002,Riboviria,,,Nidovirales,Arteriviridae,Betaarterivirus
17544248530240258363,Riboviria,,,Nidovirales,Arteriviridae,Betaarterivirus
11733072607868866272,Riboviria,,,Nidovirales,Arteriviridae,Betaarterivirus
17894145697745684149,Riboviria,,,Nidovirales,Arteriviridae,Gammaarterivirus
7349644950542993222,Riboviria,,,Nidovirales,Arteriviridae,Kappaarterivirus
14187759038179154924,Riboviria,,,Nidovirales,Coronaviridae,Alphaletovirus
10514398317833591727,Riboviria,,,Nidovirales,Coronaviridae,Alphacoronavirus
12028039007143947645,Riboviria,,,Nidovirales,Coronaviridae,Alphacoronavirus
13402917749062878761,Riboviria,,,Nidovirales,Coronaviridae,Alphacoronavirus
7844797474743434926,Riboviria,,,Nidovirales,Coronaviridae,Alphacoronavirus
3131466756956794594,Riboviria,,,Nidovirales,Coronaviridae,Alphacoronavirus
10569775805587333572,Riboviria,,,Nidovirales,Coronaviridae,Alphacoronavirus
3118476104336939151,Riboviria,,,Nidovirales,Coronaviridae,Alphacoronavirus
12193568916542674869,Riboviria,,,Nidovirales,Coronaviridae,Alphacoronavirus
7258959216269159486,Riboviria,,,Nidovirales,Coronaviridae,Alphacoronavirus
13780054285526853350,Riboviria,,,Nidovirales,Coronaviridae,Alphacoronavirus
17775340046149320930,Riboviria,,,Nidovirales,Coronaviridae,Alphacoronavirus
8471522753105809006,Riboviria,,,Nidovirales,Coronaviridae,Alphacoronavirus
8017464615752220445,Riboviria,,,Nidovirales,Coronaviridae,Betacoronavirus
3885051513542902968,Riboviria,,,Nidovirales,Coronaviridae,Betacoronavirus
16118805810051636616,Riboviria,,,Nidovirales,Coronaviridae,Betacoronavirus
15459915012427831086,Riboviria,,,Nidovirales,Coronaviridae,Betacoronavirus
10271481301367407589,Riboviria,,,Nidovirales,Coronaviridae,Betacoronavirus
16666211609965369392,Riboviria,,,Nidovirales,Coronaviridae,Deltacoronavirus
585575790464476024,Riboviria,,,Nidovirales,Coronaviridae,Deltacoronavirus
10009123199356629296,Riboviria,,,Nidovirales,Coronaviridae,Deltacoronavirus
11519555594556317445,Riboviria,,,Nidovirales,Coronaviridae,Deltacoronavirus
290245501331523662,Riboviria,,,Nidovirales,Coronaviridae,Gammacoronavirus
14823649088051066043,Riboviria,,,Nidovirales,Coronaviridae,Gammacoronavirus
685892224208817637,Riboviria,,,Nidovirales,Medioniviridae,Turrinivirus
14798364512456518090,Riboviria,,,Nidovirales,Medioniviridae,Bolenivirus
6479466518015208098,Riboviria,,,Nidovirales,Mesoniviridae,Alphamesonivirus
11567060457559930295,Riboviria,,,Nidovirales,Mesoniviridae,Alphamesonivirus
17363882590148274115,Riboviria,,,Nidovirales,Mesoniviridae,Alphamesonivirus
4918935904864898750,Riboviria,,,Nidovirales,Mesoniviridae,Alphamesonivirus
1869269596226174589,Riboviria,,,Nidovirales,Mesoniviridae,Alphamesonivirus
194918827803135502,Riboviria,,,Nidovirales,Mesoniviridae,Alphamesonivirus
18322860294691800864,Riboviria,,,Nidovirales,Mesoniviridae,Alphamesonivirus
8807261121198295219,Riboviria,,,Nidovirales,Mesoniviridae,Alphamesonivirus
8273224840968786482,Riboviria,,,Nidovirales,Mononiviridae,Alphamononivirus
17933522178722983322,Riboviria,,,Nidovirales,Euroniviridae,Charybnivirus
5444696765879253484,Riboviria,,,Nidovirales,Euroniviridae,Charybnivirus
2776347687706037351,Riboviria,,,Nidovirales,Euroniviridae,Paguronivirus
16546579750992374973,Riboviria,,,Nidovirales,Roniviridae,Okavirus
8154016024044496517,Riboviria,,,Nidovirales,Tobaniviridae,Bafinivirus
3075168062516962583,Riboviria,,,Nidovirales,Tobaniviridae,Bafinivirus
17138562830699512060,Riboviria,,,Nidovirales,Tobaniviridae,Oncotshavirus
18087159476491158669,Riboviria,,,Nidovirales,Tobaniviridae,Bostovirus
2556930627448826270,Riboviria,,,Nidovirales,Tobaniviridae,Infratovirus
6994614444282025046,Riboviria,,,Nidovirales,Tobaniviridae,Pregotovirus
10733874021455500052,Riboviria,,,Nidovirales,Tobaniviridae,Sectovirus
3196786454821319709,Riboviria,,,Nidovirales,Tobaniviridae,Tiruvirus
1785917176292008082,Riboviria,,,Nidovirales,Tobaniviridae,Torovirus
10646807930637294387,Riboviria,,,Picornavirales,Dicistroviridae,Aparavirus
16174442992205333956,Riboviria,,,Picornavirales,Dicistroviridae,Cripavirus
762268165733485621,Riboviria,,,Picornavirales,Dicistroviridae,Triatovirus
557838439512832893,Riboviria,,,Picornavirales,Iflaviridae,Iflavirus
11184090154325621930,Riboviria,,,Picornavirales,Marnaviridae,Bacillarnavirus
9361755662172533668,Riboviria,,,Picornavirales,Marnaviridae,Kusarnavirus
17216799849688324111,Riboviria,,,Picornavirales,Marnaviridae,Labyrnavirus
3125754865863887883,Riboviria,,,Picornavirales,Marnaviridae,Locarnavirus
2540967615948641218,Riboviria,,,Picornavirales,Marnaviridae,Marnavirus
9447678805264873706,Riboviria,,,Picornavirales,Marnaviridae,Salisharnavirus
8262364498605347208,Riboviria,,,Picornavirales,Marnaviridae,Sogarnavirus
11002784163299269804,Riboviria,,,Picornavirales,Picornaviridae,Aalivirus
12682404990511108493,Riboviria,,,Picornavirales,Picornaviridae,Ailurivirus
16787050296475673252,Riboviria,,,Picornavirales,Picornaviridae,Ampivirus
16614814808877184901,Riboviria,,,Picornavirales,Picornaviridae,Anativirus
17319369308682189616,Riboviria,,,Picornavirales,Picornaviridae,Aphthovirus
15890918368856788736,Riboviria,,,Picornavirales,Picornaviridae,Aquamavirus
14507522744226762147,Riboviria,,,Picornavirales,Picornaviridae,Avihepatovirus
15128276391046054437,Riboviria,,,Picornavirales,Picornaviridae,Avisivirus
15294950764378328752,Riboviria,,,Picornavirales,Picornaviridae,Bopivirus
7710553079484122086,Riboviria,,,Picornavirales,Picornaviridae,Cardiovirus
3915697982866120259,Riboviria,,,Picornavirales,Picornaviridae,Cosavirus
2569829275346498167,Riboviria,,,Picornavirales,Picornaviridae,Crohivirus
3077978656878440028,Riboviria,,,Picornavirales,Picornaviridae,Dicipivirus
15549611909201555693,Riboviria,,,Picornavirales,Picornaviridae,Enterovirus
1423153850733731521,Riboviria,,,Picornavirales,Picornaviridae,Erbovirus
18249413418662583264,Riboviria,,,Picornavirales,Picornaviridae,Gallivirus
13640559392392026870,Riboviria,,,Picornavirales,Picornaviridae,Harkavirus
6543591213321448305,Riboviria,,,Picornavirales,Picornaviridae,Hepatovirus
9736212300508910769,Riboviria,,,Picornavirales,Picornaviridae,Hunnivirus
4343580462746370499,Riboviria,,,Picornavirales,Picornaviridae,Kobuvirus
4706297261428380833,Riboviria,,,Picornavirales,Picornaviridae,Kunsagivirus
1651522227856287331,Riboviria,,,Picornavirales,Picornaviridae,Limnipivirus
851266674337089656,Riboviria,,,Picornavirales,Picornaviridae,Livupivirus
13421433703035660980,Riboviria,,,Picornavirales,Picornaviridae,Malagasivirus
4651267249852319978,Riboviria,,,Picornavirales,Picornaviridae,Megrivirus
15680271445778338675,Riboviria,,,Picornavirales,Picornaviridae,Mischivirus
5049032688074065450,Riboviria,,,Picornavirales,Picornaviridae,Mosavirus
7783016802192361451,Riboviria,,,Picornavirales,Picornaviridae,Orivirus
2935421868582734515,Riboviria,,,Picornavirales,Picornaviridae,Oscivirus
3953587251053162690,Riboviria,,,Picornavirales,Picornaviridae,Parechovirus
15125677417402915941,Riboviria,,,Picornavirales,Picornaviridae,Pasivirus
1432546271680731527,Riboviria,,,Picornavirales,Picornaviridae,Passerivirus
1635928083990244732,Riboviria,,,Picornavirales,Picornaviridae,Poecivirus
9376236251794537202,Riboviria,,,Picornavirales,Picornaviridae,Potamipivirus
17013151986324207098,Riboviria,,,Picornavirales,Picornaviridae,Rabovirus
1082064052758172062,Riboviria,,,Picornavirales,Picornaviridae,Rafivirus
7477303562958115298,Riboviria,,,Picornavirales,Picornaviridae,Rosavirus
11252787963341347927,Riboviria,,,Picornavirales,Picornaviridae,Sakobuvirus
16639536159135420785,Riboviria,,,Picornavirales,Picornaviridae,Salivirus
3666932782677827158,Riboviria,,,Picornavirales,Picornaviridae,Sapelovirus
2641252270384754437,Riboviria,,,Picornavirales,Picornaviridae,Senecavirus
18304424305512543673,Riboviria,,,Picornavirales,Picornaviridae,Shanbavirus
7631300638765159056,Riboviria,,,Picornavirales,Picornaviridae,Sicinivirus
4106175828061081747,Riboviria,,,Picornavirales,Picornaviridae,Teschovirus
2349324915358631302,Riboviria,,,Picornavirales,Picornaviridae,Torchivirus
8441906502889890158,Riboviria,,,Picornavirales,Picornaviridae,Tottorivirus
8724012375645311377,Riboviria,,,Picornavirales,Picornaviridae,Tremovirus
4025633214353937357,Riboviria,,,Picornavirales,Polycipiviridae,Chipolycivirus
14295708167065167227,Riboviria,,,Picornavirales,Polycipiviridae,Hupolycivirus
12605909167238324283,Riboviria,,,Picornavirales,Polycipiviridae,Sopolycivirus
15843634914681089080,Riboviria,,,Picornavirales,Secoviridae,Comovirus
13348134640342099589,Riboviria,,,Picornavirales,Secoviridae,Fabavirus
7069489928899677875,Riboviria,,,Picornavirales,Secoviridae,Nepovirus
6578792920792309398,Riboviria,,,Picornavirales,Secoviridae,Cheravirus
14019743385209481278,Riboviria,,,Picornavirales,Secoviridae,Sadwavirus
6873132926130219967,Riboviria,,,Picornavirales,Secoviridae,Sequivirus
7403079201198697297,Riboviria,,,Picornavirales,Secoviridae,Torradovirus
6358295932629310894,Riboviria,,,Picornavirales,Secoviridae,Waikavirus
7163066094198823064,Riboviria,,,Picornavirales,Secoviridae,
4897155947638958235,Riboviria,,,Tymovirales,Alphaflexiviridae,Allexivirus
7487265716272695756,Riboviria,,,Tymovirales,Alphaflexiviridae,Botrexvirus
12132939939301060550,Riboviria,,,Tymovirales,Alphaflexiviridae,Lolavirus
18424503678589976261,Riboviria,,,Tymovirales,Alphaflexiviridae,Mandarivirus
2691642322647400972,Riboviria,,,Tymovirales,Alphaflexiviridae,Platypuvirus
12609097934166680434,Riboviria,,,Tymovirales,Alphaflexiviridae,Potexvirus
10969525069196281288,Riboviria,,,Tymovirales,Alphaflexiviridae,Sclerodarnavirus
9427814419779748295,Riboviria,,,Tymovirales,Betaflexiviridae,Carlavirus
10431763428975250049,Riboviria,,,Tymovirales,Betaflexiviridae,Foveavirus
11422509876472329544,Riboviria,,,Tymovirales,Betaflexiviridae,Robigovirus
16836621790176233758,Riboviria,,,Tymovirales,Betaflexiviridae,
18059933096719233764,Riboviria,,,Tymovirales,Betaflexiviridae,Capillovirus
9238582299306366964,Riboviria,,,Tymovirales,Betaflexiviridae,Chordovirus
7743758250019442610,Riboviria,,,Tymovirales,Betaflexiviridae,Citrivirus
15546073545253029189,Riboviria,,,Tymovirales,Betaflexiviridae,Divavirus
2902260413293538914,Riboviria,,,Tymovirales,Betaflexiviridae,Prunevirus
8705290355658397194,Riboviria,,,Tymovirales,Betaflexiviridae,Tepovirus
1146397507270410269,Riboviria,,,Tymovirales,Betaflexiviridae,Trichovirus
5430645315615217727,Riboviria,,,Tymovirales,Betaflexiviridae,Vitivirus
15810680218491532938,Riboviria,,,Tymovirales,Betaflexiviridae,Wamavirus
16664352920348811544,Riboviria,,,Tymovirales,Deltaflexiviridae,Deltaflexivirus
16947759841937540494,Riboviria,,,Tymovirales,Gammaflexiviridae,Mycoflexivirus
3638128845223755308,Riboviria,,,Tymovirales,Tymoviridae,Maculavirus
4318732950326208042,Riboviria,,,Tymovirales,Tymoviridae,Marafivirus
18249796147599978400,Riboviria,,,Tymovirales,Tymoviridae,Tymovirus
12524170442125662402,Riboviria,,,Tymovirales,Tymoviridae,
16730620273557383713,Riboviria,,,,Alphatetraviridae,Betatetravirus
12414857966269766981,Riboviria,,,,Alphatetraviridae,Omegatetravirus
7613876270382664315,Riboviria,,,,Alvernaviridae,Dinornavirus
1339520635021161553,Riboviria,,,,Amalgaviridae,Amalgavirus
2010103552430098985,Riboviria,,,,Amalgaviridae,Zybavirus
11066080087410727938,Riboviria,,,,Astroviridae,Avastrovirus
9508711371607353174,Riboviria,,,,Astroviridae,Mamastrovirus
16520660654488880723,Riboviria,,,,Avsunviroidae,Avsunviroid
7738738095052448410,Riboviria,,,,Avsunviroidae,Elaviroid
18374248807276797177,Riboviria,,,,Avsunviroidae,Pelamoviroid
311380611347489849,Riboviria,,,,Barnaviridae,Barnavirus
9585620288972914306,Riboviria,,,,Benyviridae,Benyvirus
2360281317122976778,Riboviria,,,,Birnaviridae,Aquabirnavirus
15955902912093391696,Riboviria,,,,Birnaviridae,Avibirnavirus
3908376189868498645,Riboviria,,,,Birnaviridae,Blosnavirus
8902613824876916052,Riboviria,,,,Birnaviridae,Entomobirnavirus
9329906775228692679,Riboviria,,,,Botourmiaviridae,Botoulivirus
350959255950952423,Riboviria,,,,Botourmiaviridae,Magoulivirus
2701106905130209000,Riboviria,,,,Botourmiaviridae,Ourmiavirus
9284150597540012782,Riboviria,,,,Botourmiaviridae,Scleroulivirus
18194499712311753007,Riboviria,,,,Bromoviridae,Alfamovirus
17250091619460360917,Riboviria,,,,Bromoviridae,Anulavirus
4225671005456578397,Riboviria,,,,Bromoviridae,Bromovirus
4833813127251559173,Riboviria,,,,Bromoviridae,Cucumovirus
12537234623682486000,Riboviria,,,,Bromoviridae,Ilarvirus
4684588159080211424,Riboviria,,,,Bromoviridae,Oleavirus
14625260659775162027,Riboviria,,,,Caliciviridae,Bavovirus
18365234155687627139,Riboviria,,,,Caliciviridae,Lagovirus
11979044858630482508,Riboviria,,,,Caliciviridae,Minovirus
6574365573209080143,Riboviria,,,,Caliciviridae,Nacovirus
3584379914031993893,Riboviria,,,,Caliciviridae,Nebovirus
17001572672722247302,Riboviria,,,,Caliciviridae,Norovirus
1628812062960996295,Riboviria,,,,Caliciviridae,Recovirus
17065790342156417449,Riboviria,,,,Caliciviridae,Salovirus
2834222540161100933,Riboviria,,,,Caliciviridae,Sapovirus
17682335156493997325,Riboviria,,,,Caliciviridae,Valovirus
17776083642420405749,Riboviria,,,,Caliciviridae,Vesivirus
6357025773760324990,Riboviria,,,,Carmotetraviridae,Alphacarmotetravirus
1764620981096902933,Riboviria,,,,Chrysoviridae,Alphachrysovirus
2819323435305018338,Riboviria,,,,Chrysoviridae,Betachrysovirus
10528645575343586378,Riboviria,,,,Closteroviridae,Ampelovirus
3570023242113099158,Riboviria,,,,Closteroviridae,Closterovirus
1651655944531819511,Riboviria,,,,Closteroviridae,Crinivirus
16309321944019636367,Riboviria,,,,Closteroviridae,Velarivirus
1152763146559697602,Riboviria,,,,Closteroviridae,
13206534565654253520,Riboviria,,,,Cystoviridae,Cystovirus
2012732917922374409,Riboviria,,,,Endornaviridae,Alphaendornavirus
13986645242775668301,Riboviria,,,,Endornaviridae,Betaendornavirus
10978526202023535217,Riboviria,,,,Flaviviridae,Flavivirus
10316797248038392179,Riboviria,,,,Flaviviridae,Hepacivirus
8967776213701519165,Riboviria,,,,Flaviviridae,Pegivirus
10002708548035159698,Riboviria,,,,Flaviviridae,Pestivirus
10666546030139724222,Riboviria,,,,Hepeviridae,Orthohepevirus
4864706421599430929,Riboviria,,,,Hepeviridae,Piscihepevirus
6887548109617126918,Riboviria,,,,Hypoviridae,Hypovirus
5872901969460575973,Riboviria,,,,Kitaviridae,Blunervirus
8404499705679947425,Riboviria,,,,Kitaviridae,Cilevirus
17040389831269583080,Riboviria,,,,Kitaviridae,Higrevirus
9276009163894083095,Riboviria,,,,Leviviridae,Allolevivirus
11116389187432270361,Riboviria,,,,Leviviridae,Levivirus
7941981260844229942,Riboviria,,,,Luteoviridae,Enamovirus
748917615931372666,Riboviria,,,,Luteoviridae,Luteovirus
16897819728348960412,Riboviria,,,,Luteoviridae,Polerovirus
7862432782965855682,Riboviria,,,,Luteoviridae,
10105074769020297190,Riboviria,,,,Matonaviridae,Rubivirus
4911627272846690921,Riboviria,,,,Megabirnaviridae,Megabirnavirus
13715900951224946811,Riboviria,,,,Narnaviridae,Mitovirus
4128543844947120070,Riboviria,,,,Narnaviridae,Narnavirus
12054651109935452834,Riboviria,,,,Nodaviridae,Alphanodavirus
8852615389121667939,Riboviria,,,,Nodaviridae,Betanodavirus
16169787463115244018,Riboviria,,,,Partitiviridae,Alphapartitivirus
4563855357704144165,Riboviria,,,,Partitiviridae,Betapartitivirus
6108522896031494024,Riboviria,,,,Partitiviridae,Cryspovirus
13573554164090976405,Riboviria,,,,Partitiviridae,Deltapartitivirus
1025990228392745813,Riboviria,,,,Partitiviridae,Gammapartitivirus
14611808737171448441,Riboviria,,,,Partitiviridae,
17869718406702823947,Riboviria,,,,Permutotetraviridae,Alphapermutotetravirus
6024348977477695853,Riboviria,,,,Picobirnaviridae,Picobirnavirus
8397705053325181975,Riboviria,,,,Pospiviroidae,Apscaviroid
12472000759285435922,Riboviria,,,,Pospiviroidae,Cocadviroid
8168642522382581402,Riboviria,,,,Pospiviroidae,Coleviroid
3331348186254607372,Riboviria,,,,Pospiviroidae,Hostuviroid
9110231151562887322,Riboviria,,,,Pospiviroidae,Pospiviroid
3012105436286407923,Riboviria,,,,Potyviridae,Bevemovirus
10283216209663386730,Riboviria,,,,Potyviridae,Brambyvirus
13182551322974414982,Riboviria,,,,Potyviridae,Bymovirus
15826700619496225470,Riboviria,,,,Potyviridae,Ipomovirus
9711329319863792008,Riboviria,,,,Potyviridae,Macluravirus
10325934639543988891,Riboviria,,,,Potyviridae,Poacevirus
5327763708132799095,Riboviria,,,,Potyviridae,Potyvirus
9649091659681219888,Riboviria,,,,Potyviridae,Roymovirus
9867309196724447189,Riboviria,,,,Potyviridae,Rymovirus
6391475455329288572,Riboviria,,,,Potyviridae,Tritimovirus
17132716468168901800,Riboviria,,,,Potyviridae,
8017217427485365973,Riboviria,,,,Quadriviridae,Quadrivirus
5882733866601106045,Riboviria,,,,Reoviridae,Cardoreovirus
3205608012233593543,Riboviria,,,,Reoviridae,Mimoreovirus
1064185976906751486,Riboviria,,,,Reoviridae,Orbivirus
9706642804671257336,Riboviria,,,,Reoviridae,Phytoreovirus
8189997459923342294,Riboviria,,,,Reoviridae,Rotavirus
2299770338836259944,Riboviria,,,,Reoviridae,Seadornavirus
15409923191824849751,Riboviria,,,,Reoviridae,Aquareovirus
15457341755280030241,Riboviria,,,,Reoviridae,Coltivirus
3673732090163559448,Riboviria,,,,Reoviridae,Cypovirus
7818947320658175838,Riboviria,,,,Reoviridae,Dinovernavirus
9055506876999973170,Riboviria,,,,Reoviridae,Fijivirus
5042752867515479583,Riboviria,,,,Reoviridae,Idnoreovirus
4838433140371138865,Riboviria,,,,Reoviridae,Mycoreovirus
9449527890394316550,Riboviria,,,,Reoviridae,Orthoreovirus
3006545028583321652,Riboviria,,,,Reoviridae,Oryzavirus
8865814923437291429,Riboviria,,,,Sarthroviridae,Macronovirus
8763962536787409918,Riboviria,,,,Solemoviridae,Polemovirus
7030846836361150831,Riboviria,,,,Solemoviridae,Sobemovirus
13649714480169696579,Riboviria,,,,Solinviviridae,Invictavirus
7965089808282397498,Riboviria,,,,Solinviviridae,Nyfulvavirus
2334057345996274154,Riboviria,,,,Togaviridae,Alphavirus
6710216162726699341,Riboviria,,,,Tombusviridae,Umbravirus
8999245611244399378,Riboviria,,,,Tombusviridae,Alphacarmovirus
8653850693215453451,Riboviria,,,,Tombusviridae,Alphanecrovirus
7989945845519956485,Riboviria,,,,Tombusviridae,Aureusvirus
6071744105659965087,Riboviria,,,,Tombusviridae,Betacarmovirus
4930886655247327748,Riboviria,,,,Tombusviridae,Betanecrovirus
12324601579966450144,Riboviria,,,,Tombusviridae,Gallantivirus
3528408472786489782,Riboviria,,,,Tombusviridae,Gammacarmovirus
8750056999594669030,Riboviria,,,,Tombusviridae,Macanavirus
5319820639148513264,Riboviria,,,,Tombusviridae,Machlomovirus
15423805275817846790,Riboviria,,,,Tombusviridae,Panicovirus
8853571593957344027,Riboviria,,,,Tombusviridae,Pelarspovirus
5402239669502958356,Riboviria,,,,Tombusviridae,Tombusvirus
15302022626493764978,Riboviria,,,,Tombusviridae,Zeavirus
7640511193533641734,Riboviria,,,,Tombusviridae,
8417858610007735481,Riboviria,,,,Tombusviridae,Dianthovirus
16479742250685799078,Riboviria,,,,Tombusviridae,Avenavirus
7889342894917684637,Riboviria,,,,Totiviridae,Giardiavirus
18059160604803271136,Riboviria,,,,Totiviridae,Leishmaniavirus
414736390256435564,Riboviria,,,,Totiviridae,Totivirus
15355437853947735110,Riboviria,,,,Totiviridae,Trichomonasvirus
11823589451265810811,Riboviria,,,,Totiviridae,Victorivirus
2223125536675816502,Riboviria,,,,Virgaviridae,Furovirus
12546382904927630749,Riboviria,,,,Virgaviridae,Goravirus
737473886248644736,Riboviria,,,,Virgaviridae,Hordeivirus
11773796693596540505,Riboviria,,,,Virgaviridae,Pecluvirus
9956694309269497415,Riboviria,,,,Virgaviridae,Pomovirus
2256550797413334450,Riboviria,,,,Virgaviridae,Tobamovirus
652504429134514442,Riboviria,,,,Virgaviridae,Tobravirus
8901474102499611490,Riboviria,,,,,Albetovirus
2082319850260834646,Riboviria,,,,,Aumaivirus
10199045356741416307,Riboviria,,,,,Botybirnavirus
15620347181283581432,Riboviria,,,,,Deltavirus
17970019352729517960,Riboviria,,,,,Idaeovirus
12291968651413720388,Riboviria,,,,,Papanivirus
17617820285310733010,Riboviria,,,,,Sinaivirus
10561817900473812231,Riboviria,,,,,Virtovirus
13310246349413500695,,,,Caudovirales,Ackermannviridae,Agtrevirus
7333285513369471968,,,,Caudovirales,Ackermannviridae,Limestonevirus
9250653408690280466,,,,Caudovirales,Ackermannviridae,Kuttervirus
5981107309192577454,,,,Caudovirales,Ackermannviridae,
3042609981644152974,,,,Caudovirales,Herelleviridae,Agatevirus
2225349336701830496,,,,Caudovirales,Herelleviridae,Bastillevirus
9559912861254047442,,,,Caudovirales,Herelleviridae,Bequatrovirus
269251675121951486,,,,Caudovirales,Herelleviridae,Caeruleovirus
1378419225903595879,,,,Caudovirales,Herelleviridae,Nitunavirus
17913901587357062630,,,,Caudovirales,Herelleviridae,Tsarbombavirus
7619982649350664,,,,Caudovirales,Herelleviridae,Wphvirus
4503758761103772432,,,,Caudovirales,Herelleviridae,
3278284264461218211,,,,Caudovirales,Herelleviridae,Kochikohdavirus
1971604821195124598,,,,Caudovirales,Herelleviridae,
17986684605644533346,,,,Caudovirales,Herelleviridae,Pecentumvirus
3262576912132002790,,,,Caudovirales,Herelleviridae,Okubovirus
1898594063503247245,,,,Caudovirales,Herelleviridae,Siminovitchvirus
3955738758297085407,,,,Caudovirales,Herelleviridae,Kayvirus
3189465770105858223,,,,Caudovirales,Herelleviridae,Sepunavirus
16094797143653919849,,,,Caudovirales,Herelleviridae,Silviavirus
3335727855702467463,,,,Caudovirales,Herelleviridae,Twortvirus
248344468922554413,,,,Caudovirales,Herelleviridae,
15008740857553453317,,,,Caudovirales,Myoviridae,Firehammervirus
5853120997823486838,,,,Caudovirales,Myoviridae,Fletchervirus
15149597720646584058,,,,Caudovirales,Myoviridae,Felixounavirus
15744210064174717176,,,,Caudovirales,Myoviridae,Kolesnikvirus
12610161505736189779,,,,Caudovirales,Myoviridae,Mooglevirus
7998198560830606027,,,,Caudovirales,Myoviridae,Suspvirus
3368366461294424430,,,,Caudovirales,Myoviridae,Hpunavirus
13977562512598807512,,,,Caudovirales,Myoviridae,Peduovirus
14275315559589737691,,,,Caudovirales,Myoviridae,Dhakavirus
5050708627314862683,,,,Caudovirales,Myoviridae,Gaprivervirus
508045543009249789,,,,Caudovirales,Myoviridae,Gelderlandvirus
6059972508814601855,,,,Caudovirales,Myoviridae,Jiaodavirus
8145510870775133007,,,,Caudovirales,Myoviridae,Karamvirus
12799604509473829202,,,,Caudovirales,Myoviridae,Krischvirus
7471269301798111221,,,,Caudovirales,Myoviridae,Moonvirus
18395669809007280128,,,,Caudovirales,Myoviridae,Mosigvirus
9241245222630508666,,,,Caudovirales,Myoviridae,Schizotequatrovirus
13860856434781906887,,,,Caudovirales,Myoviridae,Slopekvirus
7871498066036980848,,,,Caudovirales,Myoviridae,Tequatrovirus
13413766864200524808,,,,Caudovirales,Myoviridae,
4387984659750192344,,,,Caudovirales,Myoviridae,Avunavirus
11404946234840983700,,,,Caudovirales,Myoviridae,Certrevirus
13346689259568663152,,,,Caudovirales,Myoviridae,Seunavirus
2818064329379998385,,,,Caudovirales,Myoviridae,Vequintavirus
1371545689572868370,,,,Caudovirales,Myoviridae,Abouovirus
5736184833507825435,,,,Caudovirales,Myoviridae,Agricanvirus
8267851472247683595,,,,Caudovirales,Myoviridae,Alcyoneusvirus
1182446426200228703,,,,Caudovirales,Myoviridae,Aphroditevirus
14757502473739803661,,,,Caudovirales,Myoviridae,Asteriusvirus
11188439266461659235,,,,Caudovirales,Myoviridae,Bcepmuvirus
14404969016269807914,,,,Caudovirales,Myoviridae,Biquartavirus
5200570519304081723,,,,Caudovirales,Myoviridae,Bixzunavirus
8924231016973064537,,,,Caudovirales,Myoviridae,Brunovirus
7269376465008752140,,,,Caudovirales,Myoviridae,Busanvirus
7038989340834984633,,,,Caudovirales,Myoviridae,Chakrabartyvirus
4511426106217895492,,,,Caudovirales,Myoviridae,Chiangmaivirus
15841741911416159783,,,,Caudovirales,Myoviridae,Elvirus
2281219645433224276,,,,Caudovirales,Myoviridae,Emdodecavirus
11151030310979071333,,,,Caudovirales,Myoviridae,Eneladusvirus
7838644275818050723,,,,Caudovirales,Myoviridae,Erskinevirus
3571540262256760890,,,,Caudovirales,Myoviridae,Ficleduovirus
3151956915344571286,,,,Caudovirales,Myoviridae,Flaumdravirus
12453470621898483560,,,,Caudovirales,Myoviridae,Gofduovirus
11456093307164395538,,,,Caudovirales,Myoviridae,Hapunavirus
17186466803668378884,,,,Caudovirales,Myoviridae,Iapetusvirus
5158429816760998933,,,,Caudovirales,Myoviridae,Iodovirus
14235969889290973028,,,,Caudovirales,Myoviridae,Ionavirus
12294331649676434566,,,,Caudovirales,Myoviridae,Jedunavirus
5191548732206773162,,,,Caudovirales,Myoviridae,Jilinvirus
11298631257319718059,,,,Caudovirales,Myoviridae,Jimmervirus
12533864446161258113,,,,Caudovirales,Myoviridae,Kleczkowskavirus
381321159539443352,,,,Caudovirales,Myoviridae,Lubbockvirus
11335466806990284460,,,,Caudovirales,Myoviridae,Machinavirus
9533301147856209552,,,,Caudovirales,Myoviridae,Marthavirus
9098576438450988467,,,,Caudovirales,Myoviridae,Metrivirus
8288124513633593680,,,,Caudovirales,Myoviridae,Mieseafarmvirus
16657033239496503848,,,,Caudovirales,Myoviridae,Mimasvirus
17344195826341413429,,,,Caudovirales,Myoviridae,Muvirus
8338051799329187633,,,,Caudovirales,Myoviridae,Myohalovirus
15403521542854229699,,,,Caudovirales,Myoviridae,Nankokuvirus
3718487669210974826,,,,Caudovirales,Myoviridae,Nazgulvirus
16497778602546284510,,,,Caudovirales,Myoviridae,Noxifervirus
13257825711617116441,,,,Caudovirales,Myoviridae,Obolenskvirus
350424783454868803,,,,Caudovirales,Myoviridae,Otagovirus
8993299390562717940,,,,Caudovirales,Myoviridae,Pakpunavirus
15606676114249423535,,,,Caudovirales,Myoviridae,Pbunavirus
6837602851492973465,,,,Caudovirales,Myoviridae,Peatvirus
2367544203872445169,,,,Caudovirales,Myoviridae,Phikzvirus
3094037860249033406,,,,Caudovirales,Myoviridae,Plaisancevirus
10220546056445692537,,,,Caudovirales,Myoviridae,Polybotosvirus
12924730997376286006,,,,Caudovirales,Myoviridae,Popoffvirus
5058217142600927283,,,,Caudovirales,Myoviridae,Punavirus
7287835351336897857,,,,Caudovirales,Myoviridae,Radnorvirus
16805205801582888939,,,,Caudovirales,Myoviridae,Ripduovirus
14208760012106637879,,,,Caudovirales,Myoviridae,Risingsunvirus
2207551937526555546,,,,Caudovirales,Myoviridae,Seoulvirus
2389238938186688165,,,,Caudovirales,Myoviridae,Shalavirus
6477917072008713131,,,,Caudovirales,Myoviridae,Svunavirus
7399602225527744483,,,,Caudovirales,Myoviridae,Tegunavirus
2918602482666457870,,,,Caudovirales,Myoviridae,Thornevirus
1739477377202749332,,,,Caudovirales,Myoviridae,Tidunavirus
8280552580592582533,,,,Caudovirales,Myoviridae,Tijeunavirus
7569472406363430739,,,,Caudovirales,Myoviridae,Tulanevirus
5757032593090117439,,,,Caudovirales,Myoviridae,Vhmlvirus
1673744736720999603,,,,Caudovirales,Myoviridae,Vidavervirus
18300971542869490674,,,,Caudovirales,Myoviridae,Viunavirus
1455092085758996007,,,,Caudovirales,Myoviridae,Winklervirus
603116467595639624,,,,Caudovirales,Myoviridae,Yokohamavirus
10021856976644716303,,,,Caudovirales,Myoviridae,
10229602060673113640,,,,Caudovirales,Podoviridae,Drulisvirus
15710865486597279834,,,,Caudovirales,Podoviridae,Friunavirus
7525023964814305879,,,,Caudovirales,Podoviridae,Napahaivirus
3361678411589804395,,,,Caudovirales,Podoviridae,Phikmvvirus
4198126011867991546,,,,Caudovirales,Podoviridae,Phimunavirus
10009299548029939586,,,,Caudovirales,Podoviridae,Pollyceevirus
15823683119413430970,,,,Caudovirales,Podoviridae,Pradovirus
15090674257614978674,,,,Caudovirales,Podoviridae,Przondovirus
7681606015776681010,,,,Caudovirales,Podoviridae,Teseptimavirus
2584987683086161678,,,,Caudovirales,Podoviridae,Zindervirus
18019988506819798756,,,,Caudovirales,Podoviridae,
12641540499009789939,,,,Caudovirales,Podoviridae,Cepunavirus
12772889578505798443,,,,Caudovirales,Podoviridae,Negarvirus
7677993151852699952,,,,Caudovirales,Podoviridae,Rosenblumvirus
6117366365788105163,,,,Caudovirales,Podoviridae,Salasvirus
4327539556293994194,,,,Caudovirales,Podoviridae,
14747905662474675320,,,,Caudovirales,Podoviridae,Diegovirus
2964033785932645593,,,,Caudovirales,Podoviridae,Oslovirus
13749026864208107683,,,,Caudovirales,Podoviridae,Traversvirus
14988497131055328186,,,,Caudovirales,Podoviridae,Aqualcavirus
13261063730280493468,,,,Caudovirales,Podoviridae,Baltimorevirus
10052955067682980702,,,,Caudovirales,Podoviridae,Bifseptvirus
426486440673069726,,,,Caudovirales,Podoviridae,Bjornvirus
1728248859496740743,,,,Caudovirales,Podoviridae,Bruynoghevirus
13914393974249936956,,,,Caudovirales,Podoviridae,Enhodamvirus
4479183535075233311,,,,Caudovirales,Podoviridae,Enquatrovirus
15388602909882462157,,,,Caudovirales,Podoviridae,Fipvunavirus
17019164268662769132,,,,Caudovirales,Podoviridae,Gamaleyavirus
10174212596689159148,,,,Caudovirales,Podoviridae,Hollowayvirus
13590825709584941320,,,,Caudovirales,Podoviridae,Ithacavirus
416876473204810168,,,,Caudovirales,Podoviridae,Jasminevirus
17600699738804452276,,,,Caudovirales,Podoviridae,Johnsonvirus
6033116929498828825,,,,Caudovirales,Podoviridae,Jwalphavirus
2952856760380221386,,,,Caudovirales,Podoviridae,Kafunavirus
16791120938996415799,,,,Caudovirales,Podoviridae,Kochitakasuvirus
12299397324455327583,,,,Caudovirales,Podoviridae,Krylovvirus
11889896845905913490,,,,Caudovirales,Podoviridae,Kuravirus
7802589373624073501,,,,Caudovirales,Podoviridae,Lederbergvirus
17914360596436277302,,,,Caudovirales,Podoviridae,Lessievirus
17288957196986933433,,,,Caudovirales,Podoviridae,Lightbulbvirus
11486550230819732537,,,,Caudovirales,Podoviridae,Litunavirus
5567216784117144903,,,,Caudovirales,Podoviridae,Luzseptimavirus
10216928951330173455,,,,Caudovirales,Podoviridae,Myxoctovirus
6131835524279771656,,,,Caudovirales,Podoviridae,Pagevirus
12675179277136494471,,,,Caudovirales,Podoviridae,Perisivirus
9486925204924574287,,,,Caudovirales,Podoviridae,Rauchvirus
10579062683145751128,,,,Caudovirales,Podoviridae,Schmidvirus
15520410618468800559,,,,Caudovirales,Podoviridae,Tabernariusvirus
7835689358994925913,,,,Caudovirales,Podoviridae,Uetakevirus
3760023801255180459,,,,Caudovirales,Podoviridae,Vicosavirus
5270635125511003596,,,,Caudovirales,Podoviridae,
9046677698227702608,,,,Caudovirales,Siphoviridae,Arequatrovirus
10826128670016438412,,,,Caudovirales,Siphoviridae,Camvirus
15881699183200558793,,,,Caudovirales,Siphoviridae,Likavirus
18190460174530306741,,,,Caudovirales,Siphoviridae,
10200773050723070364,,,,Caudovirales,Siphoviridae,Acadianvirus
16255223410416872689,,,,Caudovirales,Siphoviridae,Coopervirus
5130248960543144474,,,,Caudovirales,Siphoviridae,Pegunavirus
4650965499822538526,,,,Caudovirales,Siphoviridae,Pipefishvirus
18263547354073511451,,,,Caudovirales,Siphoviridae,Rosebushvirus
12258712685850174655,,,,Caudovirales,Siphoviridae,Brujitavirus
17219105027236312421,,,,Caudovirales,Siphoviridae,Hawkeyevirus
10006309608814134661,,,,Caudovirales,Siphoviridae,Plotvirus
15834782247634605224,,,,Caudovirales,Siphoviridae,Cornellvirus
3218333024155679076,,,,Caudovirales,Siphoviridae,Jerseyvirus
8006681108398827009,,,,Caudovirales,Siphoviridae,Kagunavirus
8531329644007040244,,,,Caudovirales,Siphoviridae,Limdunavirus
4968689878010843030,,,,Caudovirales,Siphoviridae,Unaquatrovirus
172027017245370291,,,,Caudovirales,Siphoviridae,Bongovirus
2608929746566451500,,,,Caudovirales,Siphoviridae,Reyvirus
6232748856551695110,,,,Caudovirales,Siphoviridae,Buttersvirus
18331639388623040638,,,,Caudovirales,Siphoviridae,Charlievirus
17503824786799636025,,,,Caudovirales,Siphoviridae,Redivirus
13131518221076902216,,,,Caudovirales,Siphoviridae,Baxtervirus
17252484759807670159,,,,Caudovirales,Siphoviridae,Nymphadoravirus
10799556498575268589,,,,Caudovirales,Siphoviridae,Bignuzvirus
15223042857114881967,,,,Caudovirales,Siphoviridae,Fishburnevirus
16006350773559005087,,,,Caudovirales,Siphoviridae,Phayoncevirus
18044162321235280275,,,,Caudovirales,Siphoviridae,Eclunavirus
5992932020649056168,,,,Caudovirales,Siphoviridae,Hanrivervirus
13578680469306274476,,,,Caudovirales,Siphoviridae,Rogunavirus
8436333094785021703,,,,Caudovirales,Siphoviridae,Rtpvirus
422693587970357312,,,,Caudovirales,Siphoviridae,Sertoctavirus
9917724466798652320,,,,Caudovirales,Siphoviridae,Tlsvirus
3809919453906544585,,,,Caudovirales,Siphoviridae,Tunavirus
7511542185773153617,,,,Caudovirales,Siphoviridae,Webervirus
3727179493955229071,,,,Caudovirales,Siphoviridae,
15652330974511420299,,,,Caudovirales,Siphoviridae,Abidjanvirus
6997925162872749477,,,,Caudovirales,Siphoviridae,Ahduovirus
17409465334512561250,,,,Caudovirales,Siphoviridae,Amigovirus
14952641685199309728,,,,Caudovirales,Siphoviridae,Anatolevirus
16901679182783522981,,,,Caudovirales,Siphoviridae,Andromedavirus
9150653958313447047,,,,Caudovirales,Siphoviridae,Attisvirus
2417170747836345362,,,,Caudovirales,Siphoviridae,Bantamvirus
11215657581641580786,,,,Caudovirales,Siphoviridae,Barnyardvirus
7895431593541334098,,,,Caudovirales,Siphoviridae,Beetrevirus
15388721568908876212,,,,Caudovirales,Siphoviridae,Bendigovirus
15029239721689171706,,,,Caudovirales,Siphoviridae,Bernalvirus
2485275619125141410,,,,Caudovirales,Siphoviridae,Betterkatzvirus
13544517077611809538,,,,Caudovirales,Siphoviridae,Bingvirus
13779774137505142524,,,,Caudovirales,Siphoviridae,Biseptimavirus
1109451550128685968,,,,Caudovirales,Siphoviridae,Bowservirus
980653969822378164,,,,Caudovirales,Siphoviridae,Britbratvirus
970988596580280356,,,,Caudovirales,Siphoviridae,Bronvirus
16404710020501244207,,,,Caudovirales,Siphoviridae,Brussowvirus
6136065490669479874,,,,Caudovirales,Siphoviridae,Casadabanvirus
1507641150793539613,,,,Caudovirales,Siphoviridae,Cbastvirus
12716311368538768961,,,,Caudovirales,Siphoviridae,Cecivirus
14695572748443042624,,,,Caudovirales,Siphoviridae,Ceduovirus
8082005427287271392,,,,Caudovirales,Siphoviridae,Ceetrepovirus
8852843069415158950,,,,Caudovirales,Siphoviridae,Cequinquevirus
1281774084553694626,,,,Caudovirales,Siphoviridae,Cetovirus
10569305243692672933,,,,Caudovirales,Siphoviridae,Chenonavirus
3762607687281164996,,,,Caudovirales,Siphoviridae,Cheoctovirus
14834418415249626319,,,,Caudovirales,Siphoviridae,Chivirus
2349930686058536998,,,,Caudovirales,Siphoviridae,Chungbukvirus
3564118696651821742,,,,Caudovirales,Siphoviridae,Chunghsingvirus
10580472135999743611,,,,Caudovirales,Siphoviridae,Cimpunavirus
14428826617756925550,,,,Caudovirales,Siphoviridae,Cinunavirus
4687729124873767633,,,,Caudovirales,Siphoviridae,Coetzeevirus
9849311081118299365,,,,Caudovirales,Siphoviridae,Corndogvirus
10521098791462366280,,,,Caudovirales,Siphoviridae,Cronusvirus
1896010117475133767,,,,Caudovirales,Siphoviridae,Decurrovirus
4612814729488558170,,,,Caudovirales,Siphoviridae,Delepquintavirus
17436464104220621093,,,,Caudovirales,Siphoviridae,Demosthenesvirus
13984452982136996819,,,,Caudovirales,Siphoviridae,Detrevirus
4008818086885626099,,,,Caudovirales,Siphoviridae,Dhillonvirus
17240278698137259679,,,,Caudovirales,Siphoviridae,Dismasvirus
13465627271589540211,,,,Caudovirales,Siphoviridae,Doucettevirus
17703922982898279370,,,,Caudovirales,Siphoviridae,Efquatrovirus
4505135738885090520,,,,Caudovirales,Siphoviridae,Eiauvirus
2699948103704159852,,,,Caudovirales,Siphoviridae,Eisenstarkvirus
13759312067394452146,,,,Caudovirales,Siphoviridae,Elerivirus
14812253876822546616,,,,Caudovirales,Siphoviridae,Emalynvirus
2577855776525339448,,,,Caudovirales,Siphoviridae,Eyrevirus
14325668938279415470,,,,Caudovirales,Siphoviridae,Farahnazvirus
14566144712358840241,,,,Caudovirales,Siphoviridae,Fromanvirus
10903168016575314814,,,,Caudovirales,Siphoviridae,Gaiavirus
15350142294074577928,,,,Caudovirales,Siphoviridae,Galaxyvirus
1240659728578894521,,,,Caudovirales,Siphoviridae,Galunavirus
3239005655936452282,,,,Caudovirales,Siphoviridae,Gamtrevirus
18134557949630198512,,,,Caudovirales,Siphoviridae,Gesputvirus
3114489568415295291,,,,Caudovirales,Siphoviridae,Getseptimavirus
1059100725399098208,,,,Caudovirales,Siphoviridae,Ghobesvirus
13146148822475835434,,,,Caudovirales,Siphoviridae,Gilesvirus
16376461478253578674,,,,Caudovirales,Siphoviridae,Gordonvirus
16221127313585282414,,,,Caudovirales,Siphoviridae,Gordtnkvirus
292279135894136574,,,,Caudovirales,Siphoviridae,Gorganvirus
804590834561222638,,,,Caudovirales,Siphoviridae,Gorjumvirus
9874516025090644243,,,,Caudovirales,Siphoviridae,Gustavvirus
4974003353050566516,,,,Caudovirales,Siphoviridae,Harrisonvirus
10049148085474641887,,,,Caudovirales,Siphoviridae,Hedwigvirus
15663867819171364999,,,,Caudovirales,Siphoviridae,Helsingorvirus
9493735377233587057,,,,Caudovirales,Siphoviridae,Hendrixvirus
2232526104668989493,,,,Caudovirales,Siphoviridae,Holosalinivirus
15413633556945770591,,,,Caudovirales,Siphoviridae,Homburgvirus
11153804177188711059,,,,Caudovirales,Siphoviridae,Ikedavirus
4472338430541723901,,,,Caudovirales,Siphoviridae,Ilzatvirus
2635431344443350593,,,,Caudovirales,Siphoviridae,Incheonvrus
14733644532139467713,,,,Caudovirales,Siphoviridae,Inhavirus
2159600125014692831,,,,Caudovirales,Siphoviridae,Jenstvirus
6931196063042170581,,,,Caudovirales,Siphoviridae,Jesfedecavirus
6645670342171687308,,,,Caudovirales,Siphoviridae,Kairosalinivirus
10695650449252011151,,,,Caudovirales,Siphoviridae,Kelleziovirus
15280221662851862365,,,,Caudovirales,Siphoviridae,Klementvirus
16440580702274390553,,,,Caudovirales,Siphoviridae,Kojivirus
11985551520036983703,,,,Caudovirales,Siphoviridae,Korravirus
3564896025049134501,,,,Caudovirales,Siphoviridae,Kostyavirus
14929830485678792741,,,,Caudovirales,Siphoviridae,Kryptosalinivirus
3349848897253955334,,,,Caudovirales,Siphoviridae,Lacusarxvirus
3344761917713208978,,,,Caudovirales,Siphoviridae,Lambdavirus
1557828554196197372,,,,Caudovirales,Siphoviridae,Laroyevirus
15584824957643767866,,,,Caudovirales,Siphoviridae,Liefievirus
10784180042345617813,,,,Caudovirales,Siphoviridae,Lilyvirus
4037036735010626339,,,,Caudovirales,Siphoviridae,Lokivirus
9451473146329262712,,,,Caudovirales,Siphoviridae,Lomovskayavirus
8226822674723935532,,,,Caudovirales,Siphoviridae,Lwoffvirus
5359525153098245099,,,,Caudovirales,Siphoviridae,Magadivirus
16237167512818956224,,,,Caudovirales,Siphoviridae,Mapvirus
11790666329939159299,,,,Caudovirales,Siphoviridae,Mardecavirus
15412849180061647714,,,,Caudovirales,Siphoviridae,Marvinvirus
9298815665889745578,,,,Caudovirales,Siphoviridae,Minunavirus
15738524663736768396,,,,Caudovirales,Siphoviridae,Moineauvirus
11588197592010965040,,,,Caudovirales,Siphoviridae,Mudcatvirus
4639575642961397755,,,,Caudovirales,Siphoviridae,Myunavirus
14090080673931030553,,,,Caudovirales,Siphoviridae,Nanhaivirus
4369806960297514731,,,,Caudovirales,Siphoviridae,Nickievirus
18421151942739045548,,,,Caudovirales,Siphoviridae,Nipunavirus
6235080496482433745,,,,Caudovirales,Siphoviridae,Nonagvirus
7145304544524166637,,,,Caudovirales,Siphoviridae,Nonanavirus
7271198228508654985,,,,Caudovirales,Siphoviridae,Novosibvirus
9320698466583256251,,,,Caudovirales,Siphoviridae,Nyceiraevirus
13384058404968498031,,,,Caudovirales,Siphoviridae,Omegavirus
4849016855016295157,,,,Caudovirales,Siphoviridae,Orchidvirus
14156828575598069594,,,,Caudovirales,Siphoviridae,Oshimavirus
14860690840384920909,,,,Caudovirales,Siphoviridae,Pahexavirus
452814546573621276,,,,Caudovirales,Siphoviridae,Pamexvirus
12346637515989886966,,,,Caudovirales,Siphoviridae,Papyrusvirus
16099948991876824080,,,,Caudovirales,Siphoviridae,Patiencevirus
6170347563917722232,,,,Caudovirales,Siphoviridae,Pbi1virus
432161456338432801,,,,Caudovirales,Siphoviridae,Pepyhexavirus
7522785755970639713,,,,Caudovirales,Siphoviridae,Phicbkvirus
14909281006467993368,,,,Caudovirales,Siphoviridae,Phietavirus
7799104844212894832,,,,Caudovirales,Siphoviridae,Phifelvirus
11736133648314515172,,,,Caudovirales,Siphoviridae,Pikminvirus
16052773917855969846,,,,Caudovirales,Siphoviridae,Poushouvirus
12510029771956547307,,,,Caudovirales,Siphoviridae,Priunavirus
11843065047167999093,,,,Caudovirales,Siphoviridae,Psavirus
16162035508066568082,,,,Caudovirales,Siphoviridae,Psimunavirus
14845433665126595517,,,,Caudovirales,Siphoviridae,Pulverervirus
9530933651532802314,,,,Caudovirales,Siphoviridae,Ravinvirus
6537813083910447876,,,,Caudovirales,Siphoviridae,Rerduovirus
13139744037418471603,,,,Caudovirales,Siphoviridae,Rigallicvirus
13405833872256554794,,,,Caudovirales,Siphoviridae,Rimavirus
9686678842293437918,,,,Caudovirales,Siphoviridae,Roufvirus
10548816445586737599,,,,Caudovirales,Siphoviridae,Samistivirus
15129163619349408579,,,,Caudovirales,Siphoviridae,Samunavirus
6262579967698117600,,,,Caudovirales,Siphoviridae,Sanovirus
13788597014377585929,,,,Caudovirales,Siphoviridae,Saphexavirus
11198044726621679526,,,,Caudovirales,Siphoviridae,Sasvirus
16514152996826487072,,,,Caudovirales,Siphoviridae,Saundersvirus
12643262531087482700,,,,Caudovirales,Siphoviridae,Scapunavirus
13879943298131669699,,,,Caudovirales,Siphoviridae,Septimatrevirus
1861292705648048088,,,,Caudovirales,Siphoviridae,Seuratvirus
18049173684785970251,,,,Caudovirales,Siphoviridae,Sextaecvirus
9290863724245839957,,,,Caudovirales,Siphoviridae,Sitaravirus
7880035536076403023,,,,Caudovirales,Siphoviridae,Skunavirus
14803837739194891702,,,,Caudovirales,Siphoviridae,Slashvirus
17192536874853734191,,,,Caudovirales,Siphoviridae,Smoothievirus
15880035180339431562,,,,Caudovirales,Siphoviridae,Soupsvirus
18200320059464033060,,,,Caudovirales,Siphoviridae,Sourvirus
12272586455823926925,,,,Caudovirales,Siphoviridae,Spbetavirus
4600149257070963616,,,,Caudovirales,Siphoviridae,Stanholtvirus
2680600217043116864,,,,Caudovirales,Siphoviridae,Steinhofvirus
1443849792293507584,,,,Caudovirales,Siphoviridae,Sugarlandvirus
8187386961247700757,,,,Caudovirales,Siphoviridae,Tankvirus
7190158454119621891,,,,Caudovirales,Siphoviridae,Tequintavirus
2371841396047857396,,,,Caudovirales,Siphoviridae,Timquatrovirus
8680988018873662506,,,,Caudovirales,Siphoviridae,Tinduovirus
1591994028579777566,,,,Caudovirales,Siphoviridae,Titanvirus
6920276437097307396,,,,Caudovirales,Siphoviridae,Tortellinivirus
16429098536341801716,,,,Caudovirales,Siphoviridae,Triavirus
11444469566482734961,,,,Caudovirales,Siphoviridae,Trigintaduovirus
13966437496456914156,,,,Caudovirales,Siphoviridae,Trinavirus
16393274022496588814,,,,Caudovirales,Siphoviridae,Trippvirus
3812632286277570575,,,,Caudovirales,Siphoviridae,Unahavirus
17810501480876838118,,,,Caudovirales,Siphoviridae,Vegasvirus
1348590600330202843,,,,Caudovirales,Siphoviridae,Vendettavirus
11533024497080568183,,,,Caudovirales,Siphoviridae,Vhulanivirus
8678391553660450133,,,,Caudovirales,Siphoviridae,Vidquintavirus
4951524797281483633,,,,Caudovirales,Siphoviridae,Vieuvirus
15460775116618822237,,,,Caudovirales,Siphoviridae,Vividuovirus
1025961091092835494,,,,Caudovirales,Siphoviridae,Wbetavirus
7172745073646334568,,,,Caudovirales,Siphoviridae,Weaselvirus
1740563595192465282,,,,Caudovirales,Siphoviridae,Wildcatvirus
5614959405652130135,,,,Caudovirales,Siphoviridae,Wilnyevirus
9522126903156053714,,,,Caudovirales,Siphoviridae,Wizardvirus
13351271367744445004,,,,Caudovirales,Siphoviridae,Woesvirus
15240521557528427446,,,,Caudovirales,Siphoviridae,Woodruffvirus
5584302578621118170,,,,Caudovirales,Siphoviridae,Xiamenvirus
8306245918014132799,,,,Caudovirales,Siphoviridae,Xipdecavirus
16431008666080940783,,,,Caudovirales,Siphoviridae,Yuavirus
4950120898844989832,,,,Caudovirales,Siphoviridae,Yvonnevirus
3756725934279914236,,,,Caudovirales,Siphoviridae,
1837763040145072173,,,,Herpesvirales,Alloherpesviridae,Batrachovirus
12470880511273491545,,,,Herpesvirales,Alloherpesviridae,Cyprinivirus
6053544403464350178,,,,Herpesvirales,Alloherpesviridae,Ictalurivirus
12507848327496036679,,,,Herpesvirales,Alloherpesviridae,Salmonivirus
14805358162699151099,,,,Herpesvirales,Herpesviridae,Iltovirus
12332552109553945463,,,,Herpesvirales,Herpesviridae,Mardivirus
3020130990759049544,,,,Herpesvirales,Herpesviridae,Scutavirus
2629362654276751184,,,,Herpesvirales,Herpesviridae,Simplexvirus
15543407331407719268,,,,Herpesvirales,Herpesviridae,Varicellovirus
3448741761566136801,,,,Herpesvirales,Herpesviridae,
16163072563203867132,,,,Herpesvirales,Herpesviridae,Cytomegalovirus
8512789239723243322,,,,Herpesvirales,Herpesviridae,Muromegalovirus
16264079989004659956,,,,Herpesvirales,Herpesviridae,Proboscivirus
11586537271314730801,,,,Herpesvirales,Herpesviridae,Roseolovirus
18334241276893518785,,,,Herpesvirales,Herpesviridae,
6187505160767015484,,,,Herpesvirales,Herpesviridae,Lymphocryptovirus
11524258733575529965,,,,Herpesvirales,Herpesviridae,Macavirus
9509306769935625040,,,,Herpesvirales,Herpesviridae,Percavirus
2065012915161437067,,,,Herpesvirales,Herpesviridae,Rhadinovirus
14260282278867581186,,,,Herpesvirales,Herpesviridae,
15568981944145270596,,,,Herpesvirales,Herpesviridae,
4291472047919883978,,,,Herpesvirales,Malacoherpesviridae,Aurivirus
16037544989611479277,,,,Herpesvirales,Malacoherpesviridae,Ostreavirus
2872553511429486125,,,,Ligamenvirales,Lipothrixviridae,Betalipothrixvirus
12965734307593005221,,,,Ligamenvirales,Lipothrixviridae,Deltalipothrixvirus
14754728143210032141,,,,Ligamenvirales,Lipothrixviridae,Gammalipothrixvirus
12328345206150323502,,,,Ligamenvirales,Rudiviridae,Rudivirus
15259404953978475813,,,,Ortervirales,Belpaoviridae,Semotivirus
35681077974911612,,,,Ortervirales,Caulimoviridae,Badnavirus
17892252022751224571,,,,Ortervirales,Caulimoviridae,Caulimovirus
5760286364499030764,,,,Ortervirales,Caulimoviridae,Cavemovirus
7753579976337774214,,,,Ortervirales,Caulimoviridae,Petuvirus
4341980868021209390,,,,Ortervirales,Caulimoviridae,Rosadnavirus
6205876256471709850,,,,Ortervirales,Caulimoviridae,Solendovirus
14325943426472933835,,,,Ortervirales,Caulimoviridae,Soymovirus
7159391893292255641,,,,Ortervirales,Caulimoviridae,Tungrovirus
17306955620567814041,,,,Ortervirales,Metaviridae,Errantivirus
331534671141409713,,,,Ortervirales,Metaviridae,Metavirus
17283358995548513590,,,,Ortervirales,Pseudoviridae,Hemivirus
5536539059620186602,,,,Ortervirales,Pseudoviridae,Pseudovirus
9138512042228639734,,,,Ortervirales,Pseudoviridae,Sirevirus
16362016128430244793,,,,Ortervirales,Pseudoviridae,
9033151742377595248,,,,Ortervirales,Retroviridae,Alpharetrovirus
16849183497134537698,,,,Ortervirales,Retroviridae,Betaretrovirus
4481380917865742581,,,,Ortervirales,Retroviridae,Deltaretrovirus
3851794117924972404,,,,Ortervirales,Retroviridae,Epsilonretrovirus
16785396699922238727,,,,Ortervirales,Retroviridae,Gammaretrovirus
12575357745464865153,,,,Ortervirales,Retroviridae,Lentivirus
14613686590628502616,,,,Ortervirales,Retroviridae,Bovispumavirus
13763369613892424134,,,,Ortervirales,Retroviridae,Equispumavirus
4096090559552356837,,,,Ortervirales,Retroviridae,Felispumavirus
6108962392602628394,,,,Ortervirales,Retroviridae,Prosimiispumavirus
7100619591114607179,,,,Ortervirales,Retroviridae,Simiispumavirus
17854096311841627500,,,,,Adenoviridae,Atadenovirus
8726358619460139046,,,,,Adenoviridae,Aviadenovirus
9659896725396266391,,,,,Adenoviridae,Ichtadenovirus
18425545507531884819,,,,,Adenoviridae,Mastadenovirus
3024221754568487466,,,,,Adenoviridae,Siadenovirus
10209012043935933394,,,,,Alphasatellitidae,Ageyesisatellite
10211034688926075235,,,,,Alphasatellitidae,Clecrusatellite
9624012689085151495,,,,,Alphasatellitidae,Colecusatellite
16241406317675002198,,,,,Alphasatellitidae,Gosmusatellite
4455125426780767555,,,,,Alphasatellitidae,
13937236230087238263,,,,,Alphasatellitidae,Babusatellite
15048033298611768389,,,,,Alphasatellitidae,Clostunsatellite
9979175217013287918,,,,,Alphasatellitidae,Fabenesatellite
15700768000442678042,,,,,Alphasatellitidae,Milvetsatellite
5060481566645466096,,,,,Alphasatellitidae,Mivedwarsatellite
1231330510093388057,,,,,Alphasatellitidae,Sophoyesatellite
5407397935340571939,,,,,Alphasatellitidae,Subclovsatellite
2025879008285696285,,,,,Alphasatellitidae,
1010833269715005487,,,,,Ampullaviridae,Ampullavirus
2766083275509611049,,,,,Anelloviridae,Alphatorquevirus
14898811348204217521,,,,,Anelloviridae,Betatorquevirus
12213285175457209079,,,,,Anelloviridae,Deltatorquevirus
493417766011516673,,,,,Anelloviridae,Epsilontorquevirus
10266668989218127221,,,,,Anelloviridae,Etatorquevirus
13719793822434426330,,,,,Anelloviridae,Gammatorquevirus
7234023973771267016,,,,,Anelloviridae,Gyrovirus
17391140665104725145,,,,,Anelloviridae,Iotatorquevirus
16917962922905876565,,,,,Anelloviridae,Kappatorquevirus
8283547257922126281,,,,,Anelloviridae,Lambdatorquevirus
14540007120635240748,,,,,Anelloviridae,Mutorquevirus
7301900338532723798,,,,,Anelloviridae,Nutorquevirus
2454820523566734587,,,,,Anelloviridae,Thetatorquevirus
10400880002380511438,,,,,Anelloviridae,Zetatorquevirus
13217775413686967528,,,,,Ascoviridae,Ascovirus
16965259229765581561,,,,,Ascoviridae,Toursvirus
13561983983032081753,,,,,Asfarviridae,Asfivirus
6712110086451751025,,,,,Bacilladnaviridae,Diatodnavirus
9145618576194599678,,,,,Bacilladnaviridae,Kieseladnavirus
1890938351507206261,,,,,Bacilladnaviridae,Protobacilladnavirus
15217838236729105620,,,,,Baculoviridae,Alphabaculovirus
9968967210076761071,,,,,Baculoviridae,Betabaculovirus
4046205883936584508,,,,,Baculoviridae,Deltabaculovirus
17435114953085473241,,,,,Baculoviridae,Gammabaculovirus
8460839773697502945,,,,,Bicaudaviridae,Bicaudavirus
13195774654064674967,,,,,Bidnaviridae,Bidensovirus
14411960711839853208,,,,,Circoviridae,Circovirus
10629355434688308358,,,,,Circoviridae,Cyclovirus
796489768977141886,,,,,Clavaviridae,Clavavirus
12270832766546511379,,,,,Corticoviridae,Corticovirus
15316024254590147727,,,,,Fuselloviridae,Alphafusellovirus
17792777505467397312,,,,,Fuselloviridae,Betafusellovirus
3125890690383806974,,,,,Geminiviridae,Becurtovirus
6480969681645131485,,,,,Geminiviridae,Begomovirus
8939767004497835064,,,,,Geminiviridae,Capulavirus
8625851038356265487,,,,,Geminiviridae,Curtovirus
10015893880321772653,,,,,Geminiviridae,Eragrovirus
7942328937764358591,,,,,Geminiviridae,Grablovirus
15256773943530732958,,,,,Geminiviridae,Mastrevirus
15514707772646984591,,,,,Geminiviridae,Topocuvirus
18270149387302449213,,,,,Geminiviridae,Turncurtovirus
1663806198708804444,,,,,Geminiviridae,
1656695053444693313,,,,,Genomoviridae,Gemycircularvirus
4390080106902442104,,,,,Genomoviridae,Gemyduguivirus
13922095234187082870,,,,,Genomoviridae,Gemygorvirus
18367996615403129229,,,,,Genomoviridae,Gemykibivirus
7118053261684333993,,,,,Genomoviridae,Gemykolovirus
12655067844403919495,,,,,Genomoviridae,Gemykrogvirus
9637725335902975557,,,,,Genomoviridae,Gemykroznavirus
15382546088221395394,,,,,Genomoviridae,Gemytondvirus
16626022840146747593,,,,,Genomoviridae,Gemyvongvirus
9055682475067729678,,,,,Globuloviridae,Globulovirus
563218770516649447,,,,,Guttaviridae,Alphaguttavirus
1044824719354191802,,,,,Guttaviridae,Betaguttavirus
11754906948335078536,,,,,Hepadnaviridae,Avihepadnavirus
4168726506188385060,,,,,Hepadnaviridae,Orthohepadnavirus
3780182833612235799,,,,,Hepadnaviridae,
10803597486235231858,,,,,Hytrosaviridae,Glossinavirus
11747707449041159930,,,,,Hytrosaviridae,Muscavirus
3826511122504657163,,,,,Inoviridae,Fibrovirus
725294375628567799,,,,,Inoviridae,Habenivirus
11352835488024365986,,,,,Inoviridae,Inovirus
11896428151918362069,,,,,Inoviridae,Lineavirus
5238599094960036193,,,,,Inoviridae,Plectrovirus
2037671190137373380,,,,,Inoviridae,Saetivirus
1233481348765106421,,,,,Inoviridae,Vespertiliovirus
11109609333770841939,,,,,Inoviridae,
7768184597257204200,,,,,Iridoviridae,Lymphocystivirus
10670663568094682981,,,,,Iridoviridae,Megalocytivirus
11226142243463318665,,,,,Iridoviridae,Ranavirus
9037744304546764999,,,,,Iridoviridae,Chloriridovirus
1151164357139282223,,,,,Iridoviridae,Decapodiridovirus
17419830706702209991,,,,,Iridoviridae,Iridovirus
11340754398942802495,,,,,Lavidaviridae,Mavirus
10145421843616362359,,,,,Lavidaviridae,Sputnikvirus
10308999324923600333,,,,,Marseilleviridae,Marseillevirus
6955857627019858277,,,,,Marseilleviridae,
11066683890035838632,,,,,Microviridae,Alphatrevirus
6986221297552700772,,,,,Microviridae,Gequatrovirus
9884097083185129306,,,,,Microviridae,Sinsheimervirus
12553296868645636203,,,,,Microviridae,Bdellomicrovirus
5280083469667105918,,,,,Microviridae,Chlamydiamicrovirus
12494773453007300402,,,,,Microviridae,Spiromicrovirus
5053545527776387019,,,,,Mimiviridae,Cafeteriavirus
1460083588291194447,,,,,Mimiviridae,Mimivirus
10402873418799616946,,,,,Nanoviridae,Babuvirus
14582648125624587567,,,,,Nanoviridae,Nanovirus
3346226950167069045,,,,,Nanoviridae,
2949637974051240250,,,,,Nimaviridae,Whispovirus
9346976125215979421,,,,,Nudiviridae,Alphanudivirus
15084317453682123057,,,,,Nudiviridae,Betanudivirus
6276004003898509465,,,,,Ovaliviridae,Alphaovalivirus
8015629833882969315,,,,,Papillomaviridae,Alphapapillomavirus
15649886188680486058,,,,,Papillomaviridae,Betapapillomavirus
9967336508856854107,,,,,Papillomaviridae,Chipapillomavirus
11635052068423010431,,,,,Papillomaviridae,Deltapapillomavirus
13933167777899462393,,,,,Papillomaviridae,Dyochipapillomavirus
7828408151077480701,,,,,Papillomaviridae,Dyodeltapapillomavirus
13317398897018733884,,,,,Papillomaviridae,Dyoepsilonpapillomavirus
2566481554092692848,,,,,Papillomaviridae,Dyoetapapillomavirus
7457999648972650561,,,,,Papillomaviridae,Dyoiotapapillomavirus
189595813054804514,,,,,Papillomaviridae,Dyokappapapillomavirus
14817767843682075958,,,,,Papillomaviridae,Dyolambdapapillomavirus
2893434223684603222,,,,,Papillomaviridae,Dyomupapillomavirus
4006035021448434746,,,,,Papillomaviridae,Dyonupapillomavirus
11231106327017498411,,,,,Papillomaviridae,Dyoomegapapillomavirus
2449834568040308310,,,,,Papillomaviridae,Dyoomikronpapillomavirus
6752393620091694272,,,,,Papillomaviridae,Dyophipapillomavirus
18083880520561362567,,,,,Papillomaviridae,Dyopipapillomavirus
11946360575815983167,,,,,Papillomaviridae,Dyopsipapillomavirus
6169540954663762754,,,,,Papillomaviridae,Dyorhopapillomavirus
16557470344737119056,,,,,Papillomaviridae,Dyosigmapapillomavirus
11270626739308729324,,,,,Papillomaviridae,Dyotaupapillomavirus
7846673042303139162,,,,,Papillomaviridae,Dyothetapapillomavirus
11932347973277364802,,,,,Papillomaviridae,Dyoupsilonpapillomavirus
9515006499683036625,,,,,Papillomaviridae,Dyoxipapillomavirus
3249560077381250315,,,,,Papillomaviridae,Dyozetapapillomavirus
12714004524923877349,,,,,Papillomaviridae,Epsilonpapillomavirus
15962882696004047893,,,,,Papillomaviridae,Etapapillomavirus
4836558398169238502,,,,,Papillomaviridae,Gammapapillomavirus
13300099912646819708,,,,,Papillomaviridae,Iotapapillomavirus
12121725004550608035,,,,,Papillomaviridae,Kappapapillomavirus
17001323117315754530,,,,,Papillomaviridae,Lambdapapillomavirus
15088151387653826447,,,,,Papillomaviridae,Mupapillomavirus
3399887693929899115,,,,,Papillomaviridae,Nupapillomavirus
17034970577304414221,,,,,Papillomaviridae,Omegapapillomavirus
3124820774396507237,,,,,Papillomaviridae,Omikronpapillomavirus
11865746217018665497,,,,,Papillomaviridae,Phipapillomavirus
6692078385962590473,,,,,Papillomaviridae,Pipapillomavirus
4278047532861701545,,,,,Papillomaviridae,Psipapillomavirus
12608761354115865285,,,,,Papillomaviridae,Rhopapillomavirus
10149785269241923382,,,,,Papillomaviridae,Sigmapapillomavirus
10990469842880446656,,,,,Papillomaviridae,Taupapillomavirus
4737122409344597977,,,,,Papillomaviridae,Thetapapillomavirus
9291208788031538709,,,,,Papillomaviridae,Treisdeltapapillomavirus
6690842248871580182,,,,,Papillomaviridae,Treisepsilonpapillomavirus
14418592388209777703,,,,,Papillomaviridae,Treisetapapillomavirus
12600229195481381572,,,,,Papillomaviridae,Treisiotapapillomavirus
18243751822648245055,,,,,Papillomaviridae,Treiskappapapillomavirus
1490723282475271850,,,,,Papillomaviridae,Treisthetapapillomavirus
7122437401653142467,,,,,Papillomaviridae,Treiszetapapillomavirus
16331766807918935759,,,,,Papillomaviridae,Upsilonpapillomavirus
7086070083226738423,,,,,Papillomaviridae,Xipapillomavirus
5947066559862845148,,,,,Papillomaviridae,Zetapapillomavirus
4894163094816715063,,,,,Papillomaviridae,Alefpapillomavirus
6773975277969664196,,,,,Parvoviridae,Ambidensovirus
2027483270234959572,,,,,Parvoviridae,Brevidensovirus
2110363006254328066,,,,,Parvoviridae,Hepandensovirus
2172390173025717247,,,,,Parvoviridae,Iteradensovirus
12927002474756223405,,,,,Parvoviridae,Penstyldensovirus
14691453876354964263,,,,,Parvoviridae,
14524691226620108487,,,,,Parvoviridae,Amdoparvovirus
5868403862199226090,,,,,Parvoviridae,Aveparvovirus
11113911548749883564,,,,,Parvoviridae,Bocaparvovirus
17362011791263135002,,,,,Parvoviridae,Copiparvovirus
15314561209569384919,,,,,Parvoviridae,Dependoparvovirus
4379892764683094993,,,,,Parvoviridae,Erythroparvovirus
9676099416987812907,,,,,Parvoviridae,Protoparvovirus
72478863854467593,,,,,Parvoviridae,Tetraparvovirus
17794033595743212823,,,,,Phycodnaviridae,Chlorovirus
14131819112651810672,,,,,Phycodnaviridae,Coccolithovirus
16614213281873298637,,,,,Phycodnaviridae,Phaeovirus
14456653349501548404,,,,,Phycodnaviridae,Prasinovirus
1514541209220320914,,,,,Phycodnaviridae,Prymnesiovirus
175804273639073597,,,,,Phycodnaviridae,Raphidovirus
17401780700934586401,,,,,Plasmaviridae,Plasmavirus
8114789253895436560,,,,,Pleolipoviridae,Alphapleolipovirus
16693159365466178288,,,,,Pleolipoviridae,Betapleolipovirus
6940643473702457678,,,,,Pleolipoviridae,Gammapleolipovirus
13682478188845689294,,,,,Polydnaviridae,Bracovirus
4445235748013135565,,,,,Polydnaviridae,Ichnovirus
3428073523287366949,,,,,Polyomaviridae,Alphapolyomavirus
15897833797229443444,,,,,Polyomaviridae,Betapolyomavirus
4216959826450998911,,,,,Polyomaviridae,Deltapolyomavirus
12707865435065015163,,,,,Polyomaviridae,Gammapolyomavirus
5348074323899729316,,,,,Polyomaviridae,
6804431430134449039,,,,,Portogloboviridae,Alphaportoglobovirus
142812982504342646,,,,,Poxviridae,Avipoxvirus
16772004442122577072,,,,,Poxviridae,Capripoxvirus
16514763399632116062,,,,,Poxviridae,Centapoxvirus
5585825419675158393,,,,,Poxviridae,Cervidpoxvirus
10923302261244453319,,,,,Poxviridae,Crocodylidpoxvirus
3589262537746626670,,,,,Poxviridae,Leporipoxvirus
12637783611505265433,,,,,Poxviridae,Molluscipoxvirus
2131527034971491845,,,,,Poxviridae,Orthopoxvirus
10139260496261604295,,,,,Poxviridae,Parapoxvirus
3883710679197334244,,,,,Poxviridae,Suipoxvirus
7667529051989670684,,,,,Poxviridae,Yatapoxvirus
8139931896321585251,,,,,Poxviridae,
3366416998808306007,,,,,Poxviridae,Alphaentomopoxvirus
88994744440787450,,,,,Poxviridae,Betaentomopoxvirus
15463336098606428110,,,,,Poxviridae,Gammaentomopoxvirus
17642241516068576344,,,,,Poxviridae,
12075768708502711569,,,,,Smacoviridae,Bovismacovirus
1676362564813163585,,,,,Smacoviridae,Cosmacovirus
150543599885024445,,,,,Smacoviridae,Dragsmacovirus
2890506465623959575,,,,,Smacoviridae,Drosmacovirus
14278563122845958968,,,,,Smacoviridae,Huchismacovirus
10184118134312723484,,,,,Smacoviridae,Porprismacovirus
15180020258853625366,,,,,Sphaerolipoviridae,Alphasphaerolipovirus
9916206349826406597,,,,,Sphaerolipoviridae,Betasphaerolipovirus
13356183146357611016,,,,,Sphaerolipoviridae,Gammasphaerolipovirus
8270283066509259810,,,,,Spiraviridae,Alphaspiravirus
13615170669075083180,,,,,Tectiviridae,Alphatectivirus
16083862259028603423,,,,,Tectiviridae,Betatectivirus
12692794113764197563,,,,,Tectiviridae,Gammatectivirus
3355867866366509996,,,,,Tolecusatellitidae,Betasatellite
9614531912988897352,,,,,Tolecusatellitidae,Deltasatellite
8569973975919134684,,,,,Tristromaviridae,Alphatristromavirus
7331439937812855603,,,,,Turriviridae,Alphaturrivirus
9318708059213155298,,,,,,Dinodnavirus
969724655701440375,,,,,,Rhizidiovirus
14727630260380090760,,,,,,Salterprovirus
