id,viral_order,viral_family,viral_genus
6615459684171980802,Muvirales,Qinviridae,Yingvirus
13298679862561897576,Serpentovirales,Aspiviridae,Ophiovirus
5918617930268656134,Jingchuvirales,Chuviridae,Mivirus
15445770183379183734,Mononegavirales,Artoviridae,Peropuvirus
15402764824261700203,Mononegavirales,Bornaviridae,Carbovirus
15093999561779829415,Mononegavirales,Bornaviridae,Cultervirus
14236765390577611329,Mononegavirales,Bornaviridae,Orthobornavirus
2937947065232865777,Mononegavirales,Filoviridae,Cuevavirus
2610783991178160957,Mononegavirales,Filoviridae,Ebolavirus
18119895151501807211,Mononegavirales,Filoviridae,Marburgvirus
6928872951672168471,Mononegavirales,Filoviridae,Striavirus
13265596732783385449,Mononegavirales,Filoviridae,Thamnovirus
5556588527848034583,Mononegavirales,Lispiviridae,Arlivirus
4281413231003532186,Mononegavirales,Mymonaviridae,Sclerotimonavirus
14956236148338325508,Mononegavirales,Nyamiviridae,Berhavirus
4069943017139202530,Mononegavirales,Nyamiviridae,Crustavirus
7475258838806028054,Mononegavirales,Nyamiviridae,Nyavirus
17534002330683085893,Mononegavirales,Nyamiviridae,Orinovirus
3534145486149815229,Mononegavirales,Nyamiviridae,Socyvirus
2342906732695291370,Mononegavirales,Nyamiviridae,Tapwovirus
2635771894370941309,Mononegavirales,Paramyxoviridae,Metaavulavirus
12125450277398140870,Mononegavirales,Paramyxoviridae,Orthoavulavirus
16731825749144996518,Mononegavirales,Paramyxoviridae,Paraavulavirus
7708141218482373723,Mononegavirales,Paramyxoviridae,Synodonvirus
389728138211439102,Mononegavirales,Paramyxoviridae,Aquaparamyxovirus
6243638308938370244,Mononegavirales,Paramyxoviridae,Ferlavirus
17227815800860497929,Mononegavirales,Paramyxoviridae,Henipavirus
10276848850039593191,Mononegavirales,Paramyxoviridae,Jeilongvirus
8065199531319570331,Mononegavirales,Paramyxoviridae,Morbillivirus
18435420726332546808,Mononegavirales,Paramyxoviridae,Narmovirus
18191110675414475820,Mononegavirales,Paramyxoviridae,Respirovirus
10526685150023606804,Mononegavirales,Paramyxoviridae,Salemvirus
10556492086139974446,Mononegavirales,Paramyxoviridae,Orthorubulavirus
12643494165414316829,Mononegavirales,Paramyxoviridae,Pararubulavirus
13682753091432224443,Mononegavirales,Paramyxoviridae,
11520225504926198684,Mononegavirales,Pneumoviridae,Metapneumovirus
17451975987844581022,Mononegavirales,Pneumoviridae,Orthopneumovirus
405375262162949070,Mononegavirales,Rhabdoviridae,Almendravirus
8394907516982759411,Mononegavirales,Rhabdoviridae,Alphanemrhavirus
6868834333557917207,Mononegavirales,Rhabdoviridae,Caligrhavirus
8388410649204540951,Mononegavirales,Rhabdoviridae,Curiovirus
8560221249882776814,Mononegavirales,Rhabdoviridae,Cytorhabdovirus
18207012589654163845,Mononegavirales,Rhabdoviridae,Dichorhavirus
3005612934635346959,Mononegavirales,Rhabdoviridae,Ephemerovirus
10456282623392709569,Mononegavirales,Rhabdoviridae,Hapavirus
1684688509284023338,Mononegavirales,Rhabdoviridae,Ledantevirus
4122031586384986806,Mononegavirales,Rhabdoviridae,Lyssavirus
14683319632222735207,Mononegavirales,Rhabdoviridae,Novirhabdovirus
578792512738885067,Mononegavirales,Rhabdoviridae,Nucleorhabdovirus
10676253817483871989,Mononegavirales,Rhabdoviridae,Perhabdovirus
12384103974883479903,Mononegavirales,Rhabdoviridae,Sigmavirus
11773698017406220633,Mononegavirales,Rhabdoviridae,Sprivivirus
13261209578342773602,Mononegavirales,Rhabdoviridae,Sripuvirus
10564147673033640740,Mononegavirales,Rhabdoviridae,Tibrovirus
15264880858346771838,Mononegavirales,Rhabdoviridae,Tupavirus
10168978560488584098,Mononegavirales,Rhabdoviridae,Varicosavirus
12547535804644628974,Mononegavirales,Rhabdoviridae,Vesiculovirus
8018741443702962064,Mononegavirales,Rhabdoviridae,
9921138547812583718,Mononegavirales,Sunviridae,Sunshinevirus
10392526986821529454,Mononegavirales,Xinmoviridae,Anphevirus
11424826205280441297,Goujianvirales,Yueviridae,Yuyuevirus
4906339468307444817,Bunyavirales,Arenaviridae,Antennavirus
7968716734744961232,Bunyavirales,Arenaviridae,Hartmanivirus
4967770416204839288,Bunyavirales,Arenaviridae,Mammarenavirus
17959194576832331808,Bunyavirales,Arenaviridae,Reptarenavirus
2808206240487696986,Bunyavirales,Cruliviridae,Lincruvirus
4209670544313090264,Bunyavirales,Fimoviridae,Emaravirus
11934496058239163658,Bunyavirales,Hantaviridae,Actinovirus
14864589170456647402,Bunyavirales,Hantaviridae,Agnathovirus
11102063967310688059,Bunyavirales,Hantaviridae,Loanvirus
9642874974525706266,Bunyavirales,Hantaviridae,Mobatvirus
8395720319805160295,Bunyavirales,Hantaviridae,Orthohantavirus
5172132676072807313,Bunyavirales,Hantaviridae,Thottimvirus
9339802478545104956,Bunyavirales,Hantaviridae,Reptillovirus
7274165594263551151,Bunyavirales,Leishbuviridae,Shilevirus
2278400780755782469,Bunyavirales,Mypoviridae,Hubavirus
14818514581001868184,Bunyavirales,Nairoviridae,Orthonairovirus
5971426335632632975,Bunyavirales,Nairoviridae,Shaspivirus
9100465383001029364,Bunyavirales,Nairoviridae,Striwavirus
13208899149896292706,Bunyavirales,Peribunyaviridae,Herbevirus
14355608305599122089,Bunyavirales,Peribunyaviridae,Orthobunyavirus
15775176453210376188,Bunyavirales,Peribunyaviridae,Pacuvirus
2512782329676045256,Bunyavirales,Peribunyaviridae,Shangavirus
14300045075862152004,Bunyavirales,Phasmaviridae,Feravirus
11262423201238806056,Bunyavirales,Phasmaviridae,Inshuvirus
4132527294878129311,Bunyavirales,Phasmaviridae,Jonvirus
18067755424019064446,Bunyavirales,Phasmaviridae,Orthophasmavirus
16078838580061575439,Bunyavirales,Phasmaviridae,Sawastrivirus
17868269120593360511,Bunyavirales,Phasmaviridae,Wuhivirus
3112322525056965660,Bunyavirales,Phenuiviridae,Banyangvirus
6428642580241523391,Bunyavirales,Phenuiviridae,Beidivirus
15875019396185594381,Bunyavirales,Phenuiviridae,Goukovirus
13318156256452236245,Bunyavirales,Phenuiviridae,Horwuvirus
14148140619466484687,Bunyavirales,Phenuiviridae,Hudivirus
902644837115819763,Bunyavirales,Phenuiviridae,Hudovirus
4342244053810562775,Bunyavirales,Phenuiviridae,Kabutovirus
12023761325517194202,Bunyavirales,Phenuiviridae,Laulavirus
5744022332498570252,Bunyavirales,Phenuiviridae,Mobuvirus
14648609059171157547,Bunyavirales,Phenuiviridae,Phasivirus
94319177207073364,Bunyavirales,Phenuiviridae,Phlebovirus
4150077290284590446,Bunyavirales,Phenuiviridae,Pidchovirus
11820776384202128865,Bunyavirales,Phenuiviridae,Tenuivirus
17764681629446889219,Bunyavirales,Phenuiviridae,Wenrivirus
10742355736359671031,Bunyavirales,Phenuiviridae,Wubeivirus
16967102193219725751,Bunyavirales,Tospoviridae,Orthotospovirus
9536529365422546872,Bunyavirales,Wupedeviridae,Wumivirus
9882008507767855390,Bunyavirales,,Coguvirus
4989536487246591503,Articulavirales,Amnoonviridae,Tilapinevirus
11263042149516490383,Articulavirales,Orthomyxoviridae,Alphainfluenzavirus
9645238703430206735,Articulavirales,Orthomyxoviridae,Betainfluenzavirus
4597342362406045548,Articulavirales,Orthomyxoviridae,Deltainfluenzavirus
12358523742864225360,Articulavirales,Orthomyxoviridae,Gammainfluenzavirus
6826846578073796618,Articulavirales,Orthomyxoviridae,Isavirus
11185848823118076237,Articulavirales,Orthomyxoviridae,Quaranjavirus
256009700163975748,Articulavirales,Orthomyxoviridae,Thogotovirus
983204122885666872,Nidovirales,Abyssoviridae,Alphaabyssovirus
5796337104258181100,Nidovirales,Arteriviridae,Muarterivirus
17573145490749000541,Nidovirales,Arteriviridae,Alphaarterivirus
617671520720899833,Nidovirales,Arteriviridae,Lambdaarterivirus
7768287479076562039,Nidovirales,Arteriviridae,Deltaarterivirus
5409509780685523025,Nidovirales,Arteriviridae,Epsilonarterivirus
7623278599584582358,Nidovirales,Arteriviridae,Etaarterivirus
11088982175267777433,Nidovirales,Arteriviridae,Iotaarterivirus
15524568448487236887,Nidovirales,Arteriviridae,Thetaarterivirus
4214073401197465559,Nidovirales,Arteriviridae,Zetaarterivirus
10917710441338014020,Nidovirales,Arteriviridae,Betaarterivirus
3441351755742860750,Nidovirales,Arteriviridae,Gammaarterivirus
13419595574315370728,Nidovirales,Arteriviridae,Kappaarterivirus
5570581510023537206,Nidovirales,Coronaviridae,Alphaletovirus
6345152777288808432,Nidovirales,Coronaviridae,Alphacoronavirus
2836417750368705997,Nidovirales,Coronaviridae,Betacoronavirus
17073609398022735149,Nidovirales,Coronaviridae,Deltacoronavirus
4014883075804543574,Nidovirales,Coronaviridae,Gammacoronavirus
11034335551843048277,Nidovirales,Medioniviridae,Turrinivirus
13958222013365379641,Nidovirales,Medioniviridae,Bolenivirus
18444794108711991208,Nidovirales,Mesoniviridae,Alphamesonivirus
5078047043661332633,Nidovirales,Mononiviridae,Alphamononivirus
16743847967778551470,Nidovirales,Euroniviridae,Charybnivirus
13071852692684338309,Nidovirales,Euroniviridae,Paguronivirus
9125911023722532727,Nidovirales,Roniviridae,Okavirus
2667545961753253781,Nidovirales,Tobaniviridae,Bafinivirus
10855745259433290257,Nidovirales,Tobaniviridae,Oncotshavirus
11568571119107076183,Nidovirales,Tobaniviridae,Bostovirus
3145714409775553594,Nidovirales,Tobaniviridae,Infratovirus
6986125274274893832,Nidovirales,Tobaniviridae,Pregotovirus
17776877393619280517,Nidovirales,Tobaniviridae,Sectovirus
2625604908407872173,Nidovirales,Tobaniviridae,Tiruvirus
3414600287937959506,Nidovirales,Tobaniviridae,Torovirus
4985380339588951861,Picornavirales,Dicistroviridae,Aparavirus
5256791938948686175,Picornavirales,Dicistroviridae,Cripavirus
13241011157684981084,Picornavirales,Dicistroviridae,Triatovirus
17066412496394117977,Picornavirales,Iflaviridae,Iflavirus
16262740945369896888,Picornavirales,Marnaviridae,Bacillarnavirus
17025565134343151300,Picornavirales,Marnaviridae,Kusarnavirus
18084026617112927443,Picornavirales,Marnaviridae,Labyrnavirus
2974619098663849149,Picornavirales,Marnaviridae,Locarnavirus
12102881778496334532,Picornavirales,Marnaviridae,Marnavirus
5306239446466536199,Picornavirales,Marnaviridae,Salisharnavirus
347412862305661965,Picornavirales,Marnaviridae,Sogarnavirus
7054032273016259952,Picornavirales,Picornaviridae,Aalivirus
1688476229271262953,Picornavirales,Picornaviridae,Ailurivirus
18396091382903768550,Picornavirales,Picornaviridae,Ampivirus
524192758375246163,Picornavirales,Picornaviridae,Anativirus
9194165644484580413,Picornavirales,Picornaviridae,Aphthovirus
3073798503792945105,Picornavirales,Picornaviridae,Aquamavirus
12804696194829974761,Picornavirales,Picornaviridae,Avihepatovirus
1403525857578552577,Picornavirales,Picornaviridae,Avisivirus
12843548416845259096,Picornavirales,Picornaviridae,Bopivirus
16772054084719128046,Picornavirales,Picornaviridae,Cardiovirus
4857583763988566283,Picornavirales,Picornaviridae,Cosavirus
318205136671816701,Picornavirales,Picornaviridae,Crohivirus
7295838041564279998,Picornavirales,Picornaviridae,Dicipivirus
14946592901535604321,Picornavirales,Picornaviridae,Enterovirus
15597986961031228544,Picornavirales,Picornaviridae,Erbovirus
10021319897005979514,Picornavirales,Picornaviridae,Gallivirus
4227595878219147851,Picornavirales,Picornaviridae,Harkavirus
4136030260306600648,Picornavirales,Picornaviridae,Hepatovirus
3876765910096000291,Picornavirales,Picornaviridae,Hunnivirus
9207124355627633432,Picornavirales,Picornaviridae,Kobuvirus
15440880738824390055,Picornavirales,Picornaviridae,Kunsagivirus
15889332502138524981,Picornavirales,Picornaviridae,Limnipivirus
14985660651969991021,Picornavirales,Picornaviridae,Livupivirus
3963164177774748618,Picornavirales,Picornaviridae,Malagasivirus
2586386106246140991,Picornavirales,Picornaviridae,Megrivirus
13891922835137733550,Picornavirales,Picornaviridae,Mischivirus
17360525022322590773,Picornavirales,Picornaviridae,Mosavirus
4024064654271112378,Picornavirales,Picornaviridae,Orivirus
16502192602444396894,Picornavirales,Picornaviridae,Oscivirus
17959998410311245726,Picornavirales,Picornaviridae,Parechovirus
10729117200213324006,Picornavirales,Picornaviridae,Pasivirus
6608133825948396214,Picornavirales,Picornaviridae,Passerivirus
8390199882738828254,Picornavirales,Picornaviridae,Poecivirus
7205033110153609521,Picornavirales,Picornaviridae,Potamipivirus
7191680163612575927,Picornavirales,Picornaviridae,Rabovirus
2604275263439826815,Picornavirales,Picornaviridae,Rafivirus
9885043344192156563,Picornavirales,Picornaviridae,Rosavirus
6706870311369818760,Picornavirales,Picornaviridae,Sakobuvirus
4137537286487191919,Picornavirales,Picornaviridae,Salivirus
6571118918266155844,Picornavirales,Picornaviridae,Sapelovirus
9748687368803482658,Picornavirales,Picornaviridae,Senecavirus
14091607249587420473,Picornavirales,Picornaviridae,Shanbavirus
10779121620569085145,Picornavirales,Picornaviridae,Sicinivirus
9683436349266053713,Picornavirales,Picornaviridae,Teschovirus
839937373072337691,Picornavirales,Picornaviridae,Torchivirus
1007094284807165505,Picornavirales,Picornaviridae,Tottorivirus
16594810993879107837,Picornavirales,Picornaviridae,Tremovirus
2901600061250890271,Picornavirales,Polycipiviridae,Chipolycivirus
10974206425960082938,Picornavirales,Polycipiviridae,Hupolycivirus
12849944036010015908,Picornavirales,Polycipiviridae,Sopolycivirus
18064629876188888065,Picornavirales,Secoviridae,Comovirus
14250786502691488243,Picornavirales,Secoviridae,Fabavirus
666345113802820363,Picornavirales,Secoviridae,Nepovirus
2420072940577976218,Picornavirales,Secoviridae,Cheravirus
11889715479796342720,Picornavirales,Secoviridae,Sadwavirus
11619780339831362920,Picornavirales,Secoviridae,Sequivirus
228957091967676239,Picornavirales,Secoviridae,Torradovirus
12005551823561900416,Picornavirales,Secoviridae,Waikavirus
11881633164136021066,Picornavirales,Secoviridae,
12957394424946300091,Tymovirales,Alphaflexiviridae,Allexivirus
2402576236834536889,Tymovirales,Alphaflexiviridae,Botrexvirus
2238137255228633937,Tymovirales,Alphaflexiviridae,Lolavirus
16498767823069967614,Tymovirales,Alphaflexiviridae,Mandarivirus
7165676849012683434,Tymovirales,Alphaflexiviridae,Platypuvirus
8891737468459584229,Tymovirales,Alphaflexiviridae,Potexvirus
5102950398130891924,Tymovirales,Alphaflexiviridae,Sclerodarnavirus
11543919098560099216,Tymovirales,Betaflexiviridae,Carlavirus
10670221821121482852,Tymovirales,Betaflexiviridae,Foveavirus
17210207704417389588,Tymovirales,Betaflexiviridae,Robigovirus
12728790516302538072,Tymovirales,Betaflexiviridae,
1506144966327679512,Tymovirales,Betaflexiviridae,Capillovirus
17667410986967975031,Tymovirales,Betaflexiviridae,Chordovirus
3037073919486932017,Tymovirales,Betaflexiviridae,Citrivirus
8088425769759141077,Tymovirales,Betaflexiviridae,Divavirus
15544864962380122482,Tymovirales,Betaflexiviridae,Prunevirus
3727867694355925187,Tymovirales,Betaflexiviridae,Tepovirus
2646872261245564428,Tymovirales,Betaflexiviridae,Trichovirus
14223245998325336935,Tymovirales,Betaflexiviridae,Vitivirus
14906438206002299041,Tymovirales,Betaflexiviridae,Wamavirus
16537198932262480896,Tymovirales,Deltaflexiviridae,Deltaflexivirus
3824672890960179630,Tymovirales,Gammaflexiviridae,Mycoflexivirus
10818387237913186925,Tymovirales,Tymoviridae,Maculavirus
9844504478664949741,Tymovirales,Tymoviridae,Marafivirus
698352390140052793,Tymovirales,Tymoviridae,Tymovirus
9639620348358488784,Tymovirales,Tymoviridae,
16435812400546597973,,Alphatetraviridae,Betatetravirus
15887108713841742555,,Alphatetraviridae,Omegatetravirus
5292677632589211652,,Alvernaviridae,Dinornavirus
10892146380603677819,,Amalgaviridae,Amalgavirus
15681812012338254558,,Amalgaviridae,Zybavirus
5945520390302667629,,Astroviridae,Avastrovirus
10396932246470181535,,Astroviridae,Mamastrovirus
13409963022490529992,,Avsunviroidae,Avsunviroid
1562681714393393096,,Avsunviroidae,Elaviroid
5891115974370429543,,Avsunviroidae,Pelamoviroid
2626899034628622568,,Barnaviridae,Barnavirus
18412775970498480575,,Benyviridae,Benyvirus
13686542080036877720,,Birnaviridae,Aquabirnavirus
3187711943542496250,,Birnaviridae,Avibirnavirus
18057194867369298030,,Birnaviridae,Blosnavirus
18322628310528107074,,Birnaviridae,Entomobirnavirus
984008185186800286,,Botourmiaviridae,Botoulivirus
12582108449138061538,,Botourmiaviridae,Magoulivirus
5855879046069447285,,Botourmiaviridae,Ourmiavirus
16045856546857826262,,Botourmiaviridae,Scleroulivirus
51412849556721921,,Bromoviridae,Alfamovirus
151005233853229542,,Bromoviridae,Anulavirus
863535347422757632,,Bromoviridae,Bromovirus
9139526621096493153,,Bromoviridae,Cucumovirus
15911089082307240381,,Bromoviridae,Ilarvirus
13136327370505197504,,Bromoviridae,Oleavirus
13793246562472431980,,Caliciviridae,Bavovirus
9496004300600987951,,Caliciviridae,Lagovirus
6055545987460847005,,Caliciviridae,Minovirus
17537265719097176573,,Caliciviridae,Nacovirus
482835646427186388,,Caliciviridae,Nebovirus
15622348023007699334,,Caliciviridae,Norovirus
8322322591140386916,,Caliciviridae,Recovirus
2397756574219199771,,Caliciviridae,Salovirus
6123390754088346677,,Caliciviridae,Sapovirus
13064460346957420917,,Caliciviridae,Valovirus
7018810462103903769,,Caliciviridae,Vesivirus
14060892267668850860,,Carmotetraviridae,Alphacarmotetravirus
932335759507698532,,Chrysoviridae,Alphachrysovirus
16045978433210150751,,Chrysoviridae,Betachrysovirus
3295867482698770980,,Closteroviridae,Ampelovirus
522857222177581571,,Closteroviridae,Closterovirus
5078033901143017866,,Closteroviridae,Crinivirus
15815090347880869483,,Closteroviridae,Velarivirus
18233808874201539751,,Closteroviridae,
3968336148238662500,,Cystoviridae,Cystovirus
18244563520819538645,,Endornaviridae,Alphaendornavirus
8781714746364157718,,Endornaviridae,Betaendornavirus
10587586987064643756,,Flaviviridae,Flavivirus
86401415376497725,,Flaviviridae,Hepacivirus
16607794614964137691,,Flaviviridae,Pegivirus
2166052369720462873,,Flaviviridae,Pestivirus
17738336214022731521,,Hepeviridae,Orthohepevirus
18384360883509128712,,Hepeviridae,Piscihepevirus
16787785057693095717,,Hypoviridae,Hypovirus
12039562865536440163,,Kitaviridae,Blunervirus
17110244990768148478,,Kitaviridae,Cilevirus
10355564473236904570,,Kitaviridae,Higrevirus
759802958273494122,,Leviviridae,Allolevivirus
14689680556860970548,,Leviviridae,Levivirus
2931222163670656231,,Luteoviridae,Enamovirus
1634852499616205367,,Luteoviridae,Luteovirus
2906072819705841091,,Luteoviridae,Polerovirus
10589881967205271198,,Luteoviridae,
7298052570223328802,,Matonaviridae,Rubivirus
4008754737894283422,,Megabirnaviridae,Megabirnavirus
17120707674702037186,,Narnaviridae,Mitovirus
11681162390243752730,,Narnaviridae,Narnavirus
2588728341876059999,,Nodaviridae,Alphanodavirus
12282775806112377388,,Nodaviridae,Betanodavirus
8671059522263741202,,Partitiviridae,Alphapartitivirus
12260103409272482949,,Partitiviridae,Betapartitivirus
16176854851202871544,,Partitiviridae,Cryspovirus
2277538525029129461,,Partitiviridae,Deltapartitivirus
9065722799241216072,,Partitiviridae,Gammapartitivirus
1889152063221353139,,Partitiviridae,
18363699960473618520,,Permutotetraviridae,Alphapermutotetravirus
15551552706773703307,,Picobirnaviridae,Picobirnavirus
3005778667295597228,,Pospiviroidae,Apscaviroid
7303504327091627303,,Pospiviroidae,Cocadviroid
16780072408417440530,,Pospiviroidae,Coleviroid
17652545436944995752,,Pospiviroidae,Hostuviroid
10039841889187900301,,Pospiviroidae,Pospiviroid
17086679794442767836,,Potyviridae,Bevemovirus
8367814626289509266,,Potyviridae,Brambyvirus
5923053718182603500,,Potyviridae,Bymovirus
4926849360421843736,,Potyviridae,Ipomovirus
9375392991006201403,,Potyviridae,Macluravirus
15591841278787906012,,Potyviridae,Poacevirus
5254389978304636307,,Potyviridae,Potyvirus
17235610321229176934,,Potyviridae,Roymovirus
17216410049721971184,,Potyviridae,Rymovirus
14478622477916180771,,Potyviridae,Tritimovirus
15408011225911782558,,Potyviridae,
5447855817779519551,,Quadriviridae,Quadrivirus
2333297310866546870,,Reoviridae,Cardoreovirus
2248519428282215419,,Reoviridae,Mimoreovirus
16918150927924962536,,Reoviridae,Orbivirus
17010160509113660719,,Reoviridae,Phytoreovirus
9404819351282746575,,Reoviridae,Rotavirus
8401333031985024509,,Reoviridae,Seadornavirus
4632268036246735983,,Reoviridae,Aquareovirus
13232193601212548043,,Reoviridae,Coltivirus
1671620847263289269,,Reoviridae,Cypovirus
8510334741486303230,,Reoviridae,Dinovernavirus
14829198799826015729,,Reoviridae,Fijivirus
10103030382774497154,,Reoviridae,Idnoreovirus
6739422859921815477,,Reoviridae,Mycoreovirus
16156636017753193370,,Reoviridae,Orthoreovirus
6455493989685397651,,Reoviridae,Oryzavirus
15763526165321268900,,Sarthroviridae,Macronovirus
12555038880685550347,,Solemoviridae,Polemovirus
14498696170300183457,,Solemoviridae,Sobemovirus
15681862234523490801,,Solinviviridae,Invictavirus
2847347715420896122,,Solinviviridae,Nyfulvavirus
16781511556344235991,,Togaviridae,Alphavirus
14494493651799702177,,Tombusviridae,Umbravirus
5070091066199598830,,Tombusviridae,Alphacarmovirus
12016181065498205564,,Tombusviridae,Alphanecrovirus
985906642223252371,,Tombusviridae,Aureusvirus
14141664264279250032,,Tombusviridae,Betacarmovirus
8817816247005824137,,Tombusviridae,Betanecrovirus
13250540404856984888,,Tombusviridae,Gallantivirus
8190493603952513924,,Tombusviridae,Gammacarmovirus
7194226609836689836,,Tombusviridae,Macanavirus
10684606566344245006,,Tombusviridae,Machlomovirus
11673298961700616241,,Tombusviridae,Panicovirus
12535079125479187918,,Tombusviridae,Pelarspovirus
10729430333585924139,,Tombusviridae,Tombusvirus
220929422455016597,,Tombusviridae,Zeavirus
9899717025238988540,,Tombusviridae,
3344751025368485085,,Tombusviridae,Dianthovirus
7058360035871286460,,Tombusviridae,Avenavirus
6563132760146619892,,Totiviridae,Giardiavirus
15307814157035294492,,Totiviridae,Leishmaniavirus
12307429574625325349,,Totiviridae,Totivirus
13216507865743850398,,Totiviridae,Trichomonasvirus
9177191789738487858,,Totiviridae,Victorivirus
7549556185999887114,,Virgaviridae,Furovirus
11191638044426538354,,Virgaviridae,Goravirus
4496106557076640228,,Virgaviridae,Hordeivirus
3958210374673126413,,Virgaviridae,Pecluvirus
5434825305558239052,,Virgaviridae,Pomovirus
6885665185951404459,,Virgaviridae,Tobamovirus
7608008451050777158,,Virgaviridae,Tobravirus
2741209766892796385,,,Albetovirus
7813542577894497568,,,Aumaivirus
16131371094286999344,,,Botybirnavirus
13828547238472047331,,,Deltavirus
18083713790672161700,,,Idaeovirus
8606433529025123386,,,Papanivirus
13142423869210734229,,,Sinaivirus
2554348177669009090,,,Virtovirus
16106568479779876413,Caudovirales,Ackermannviridae,Agtrevirus
9400405855030625690,Caudovirales,Ackermannviridae,Limestonevirus
9324868349429095256,Caudovirales,Ackermannviridae,Kuttervirus
14785562098648421671,Caudovirales,Ackermannviridae,
11259850808391173946,Caudovirales,Herelleviridae,Agatevirus
2576229086527033751,Caudovirales,Herelleviridae,Bastillevirus
11622340451417975311,Caudovirales,Herelleviridae,Bequatrovirus
10734189897107386817,Caudovirales,Herelleviridae,Caeruleovirus
8367346938001017247,Caudovirales,Herelleviridae,Nitunavirus
7349862474603595147,Caudovirales,Herelleviridae,Tsarbombavirus
5076920681221397383,Caudovirales,Herelleviridae,Wphvirus
9744253039299968252,Caudovirales,Herelleviridae,
4730161036344123752,Caudovirales,Herelleviridae,Kochikohdavirus
15922828104785056400,Caudovirales,Herelleviridae,Pecentumvirus
15441664258607350170,Caudovirales,Herelleviridae,Okubovirus
10050935728474453298,Caudovirales,Herelleviridae,Siminovitchvirus
9297305236307657941,Caudovirales,Herelleviridae,Kayvirus
3921222301670189411,Caudovirales,Herelleviridae,Sepunavirus
14072636755885908502,Caudovirales,Herelleviridae,Silviavirus
4161002364469617746,Caudovirales,Herelleviridae,Twortvirus
18403783287222041358,Caudovirales,Myoviridae,Firehammervirus
6218349414647916005,Caudovirales,Myoviridae,Fletchervirus
895953586844477172,Caudovirales,Myoviridae,Felixounavirus
18366628230799866218,Caudovirales,Myoviridae,Kolesnikvirus
12096510016397184370,Caudovirales,Myoviridae,Mooglevirus
14600186853610974088,Caudovirales,Myoviridae,Suspvirus
2938822371943451546,Caudovirales,Myoviridae,Hpunavirus
11463467770782273766,Caudovirales,Myoviridae,Peduovirus
17023285814997245475,Caudovirales,Myoviridae,Dhakavirus
18127775732704230964,Caudovirales,Myoviridae,Gaprivervirus
520823516538476286,Caudovirales,Myoviridae,Gelderlandvirus
12602127787241292332,Caudovirales,Myoviridae,Jiaodavirus
10240155921995555555,Caudovirales,Myoviridae,Karamvirus
7554887804822232457,Caudovirales,Myoviridae,Krischvirus
15360364206976876046,Caudovirales,Myoviridae,Moonvirus
5141077025888693726,Caudovirales,Myoviridae,Mosigvirus
951398255985030595,Caudovirales,Myoviridae,Schizotequatrovirus
16286556595576405484,Caudovirales,Myoviridae,Slopekvirus
2794877320020900527,Caudovirales,Myoviridae,Tequatrovirus
6654037340282340143,Caudovirales,Myoviridae,
16795984673171521967,Caudovirales,Myoviridae,Avunavirus
16101937131696419402,Caudovirales,Myoviridae,Certrevirus
10369668763423527493,Caudovirales,Myoviridae,Seunavirus
366404127809045707,Caudovirales,Myoviridae,Vequintavirus
4825244862558623319,Caudovirales,Myoviridae,Abouovirus
12949393526085920574,Caudovirales,Myoviridae,Agricanvirus
7505893255839023351,Caudovirales,Myoviridae,Alcyoneusvirus
4174501397012658928,Caudovirales,Myoviridae,Aphroditevirus
17375054630333564302,Caudovirales,Myoviridae,Asteriusvirus
14697689439790224122,Caudovirales,Myoviridae,Bcepmuvirus
17385428262593217268,Caudovirales,Myoviridae,Biquartavirus
18089520591043603530,Caudovirales,Myoviridae,Bixzunavirus
4890848662289274520,Caudovirales,Myoviridae,Brunovirus
5431979775108566112,Caudovirales,Myoviridae,Busanvirus
682590680314631745,Caudovirales,Myoviridae,Chakrabartyvirus
5048489335450544773,Caudovirales,Myoviridae,Chiangmaivirus
9373137161025664068,Caudovirales,Myoviridae,Elvirus
8579862600784612963,Caudovirales,Myoviridae,Emdodecavirus
15456144735155091584,Caudovirales,Myoviridae,Eneladusvirus
7859124671884886184,Caudovirales,Myoviridae,Erskinevirus
7288347332015005526,Caudovirales,Myoviridae,Ficleduovirus
2693178471363061968,Caudovirales,Myoviridae,Flaumdravirus
12075547133535655102,Caudovirales,Myoviridae,Gofduovirus
8314451139213594581,Caudovirales,Myoviridae,Hapunavirus
5606691547136135155,Caudovirales,Myoviridae,Iapetusvirus
8102714605198292580,Caudovirales,Myoviridae,Iodovirus
10617381540901969633,Caudovirales,Myoviridae,Ionavirus
4594793682467678326,Caudovirales,Myoviridae,Jedunavirus
9693465686376582659,Caudovirales,Myoviridae,Jilinvirus
697536724146628903,Caudovirales,Myoviridae,Jimmervirus
18180596881570226097,Caudovirales,Myoviridae,Kleczkowskavirus
12402225378679346414,Caudovirales,Myoviridae,Lubbockvirus
4477765224630159012,Caudovirales,Myoviridae,Machinavirus
3205461427761943162,Caudovirales,Myoviridae,Marthavirus
14358340753132809349,Caudovirales,Myoviridae,Metrivirus
16512666787088644168,Caudovirales,Myoviridae,Mieseafarmvirus
5430676192442431384,Caudovirales,Myoviridae,Mimasvirus
7544649256010324241,Caudovirales,Myoviridae,Muvirus
6779422507382508242,Caudovirales,Myoviridae,Myohalovirus
11962077087721495478,Caudovirales,Myoviridae,Nankokuvirus
11220936820988031395,Caudovirales,Myoviridae,Nazgulvirus
3350236219591466367,Caudovirales,Myoviridae,Noxifervirus
4023966995412955730,Caudovirales,Myoviridae,Obolenskvirus
10484596909320710076,Caudovirales,Myoviridae,Otagovirus
3225408929407807917,Caudovirales,Myoviridae,Pakpunavirus
12191021863486773946,Caudovirales,Myoviridae,Pbunavirus
2628149216313311312,Caudovirales,Myoviridae,Peatvirus
8990568355046591062,Caudovirales,Myoviridae,Phikzvirus
4386426644092343330,Caudovirales,Myoviridae,Plaisancevirus
124456558014144558,Caudovirales,Myoviridae,Polybotosvirus
7072571070648608483,Caudovirales,Myoviridae,Popoffvirus
7961063098138486055,Caudovirales,Myoviridae,Punavirus
14233358180672181798,Caudovirales,Myoviridae,Radnorvirus
10630293029184742971,Caudovirales,Myoviridae,Ripduovirus
18205723816212603973,Caudovirales,Myoviridae,Risingsunvirus
296110639996737909,Caudovirales,Myoviridae,Seoulvirus
3664821752833746329,Caudovirales,Myoviridae,Shalavirus
1721899743194157312,Caudovirales,Myoviridae,Svunavirus
343887977342837675,Caudovirales,Myoviridae,Tegunavirus
16400570018803030907,Caudovirales,Myoviridae,Thornevirus
2641259270527213909,Caudovirales,Myoviridae,Tidunavirus
2800331170028777403,Caudovirales,Myoviridae,Tijeunavirus
284208807855000397,Caudovirales,Myoviridae,Tulanevirus
18277022892416311414,Caudovirales,Myoviridae,Vhmlvirus
14040983257915116844,Caudovirales,Myoviridae,Vidavervirus
8753338386194311837,Caudovirales,Myoviridae,Viunavirus
5304720284046227340,Caudovirales,Myoviridae,Winklervirus
7976719842488955348,Caudovirales,Myoviridae,Yokohamavirus
1870884047188685760,Caudovirales,Podoviridae,Drulisvirus
1518223807805363860,Caudovirales,Podoviridae,Friunavirus
9801462913640723550,Caudovirales,Podoviridae,Napahaivirus
10973534631303846185,Caudovirales,Podoviridae,Phikmvvirus
13542991020117282532,Caudovirales,Podoviridae,Phimunavirus
9822158710963485234,Caudovirales,Podoviridae,Pollyceevirus
4284527896946962265,Caudovirales,Podoviridae,Pradovirus
13449023850157870056,Caudovirales,Podoviridae,Przondovirus
13264223027867921838,Caudovirales,Podoviridae,Teseptimavirus
3045801250529571974,Caudovirales,Podoviridae,Zindervirus
16877853534306067741,Caudovirales,Podoviridae,
18075298579651356047,Caudovirales,Podoviridae,Cepunavirus
14467711102926871094,Caudovirales,Podoviridae,Negarvirus
17996964179939653035,Caudovirales,Podoviridae,Rosenblumvirus
759736862556855541,Caudovirales,Podoviridae,Salasvirus
6674671545922720430,Caudovirales,Podoviridae,Diegovirus
1505261977255382457,Caudovirales,Podoviridae,Oslovirus
4197207709767720912,Caudovirales,Podoviridae,Traversvirus
8431669085649676977,Caudovirales,Podoviridae,Aqualcavirus
16042989830174027075,Caudovirales,Podoviridae,Baltimorevirus
5315794457990023229,Caudovirales,Podoviridae,Bifseptvirus
507667528404416823,Caudovirales,Podoviridae,Bjornvirus
1419914701478271976,Caudovirales,Podoviridae,Bruynoghevirus
5191008192590625982,Caudovirales,Podoviridae,Enhodamvirus
16290280427420187157,Caudovirales,Podoviridae,Enquatrovirus
4225685360685743620,Caudovirales,Podoviridae,Fipvunavirus
5296938033541301143,Caudovirales,Podoviridae,Gamaleyavirus
12299300255220542446,Caudovirales,Podoviridae,Hollowayvirus
806710324767537832,Caudovirales,Podoviridae,Ithacavirus
15493529042873837857,Caudovirales,Podoviridae,Jasminevirus
8967003067117217393,Caudovirales,Podoviridae,Johnsonvirus
11758550624711896723,Caudovirales,Podoviridae,Jwalphavirus
4859318104269581849,Caudovirales,Podoviridae,Kafunavirus
15091947761740888438,Caudovirales,Podoviridae,Kochitakasuvirus
9911991981620711370,Caudovirales,Podoviridae,Krylovvirus
15232378293725970660,Caudovirales,Podoviridae,Kuravirus
15190893783633081133,Caudovirales,Podoviridae,Lederbergvirus
13555888204190610804,Caudovirales,Podoviridae,Lessievirus
3717629946034097271,Caudovirales,Podoviridae,Lightbulbvirus
9070447371022419170,Caudovirales,Podoviridae,Litunavirus
4424851243340047188,Caudovirales,Podoviridae,Luzseptimavirus
14583024986164521852,Caudovirales,Podoviridae,Myxoctovirus
16597231543575519431,Caudovirales,Podoviridae,Pagevirus
10829173778415048317,Caudovirales,Podoviridae,Perisivirus
4407538121606234807,Caudovirales,Podoviridae,Rauchvirus
15798296088892924056,Caudovirales,Podoviridae,Schmidvirus
18026292244425469088,Caudovirales,Podoviridae,Tabernariusvirus
4035031384140025270,Caudovirales,Podoviridae,Uetakevirus
7116588229150682009,Caudovirales,Podoviridae,Vicosavirus
7896318475273005419,Caudovirales,Siphoviridae,Arequatrovirus
14883673444753204849,Caudovirales,Siphoviridae,Camvirus
12233163006824292633,Caudovirales,Siphoviridae,Likavirus
7440621493880463780,Caudovirales,Siphoviridae,
2236056413572960426,Caudovirales,Siphoviridae,Acadianvirus
11814915258891608522,Caudovirales,Siphoviridae,Coopervirus
371609719059017005,Caudovirales,Siphoviridae,Pegunavirus
13249728347988466501,Caudovirales,Siphoviridae,Pipefishvirus
3867311541213571909,Caudovirales,Siphoviridae,Rosebushvirus
4400714219462129424,Caudovirales,Siphoviridae,Brujitavirus
7305589190922690730,Caudovirales,Siphoviridae,Hawkeyevirus
12971258444677534582,Caudovirales,Siphoviridae,Plotvirus
17255759058081885061,Caudovirales,Siphoviridae,Cornellvirus
2904109101960888835,Caudovirales,Siphoviridae,Jerseyvirus
11884072042340086682,Caudovirales,Siphoviridae,Kagunavirus
2155892301876936744,Caudovirales,Siphoviridae,Limdunavirus
16864633640613181274,Caudovirales,Siphoviridae,Unaquatrovirus
3314163817147274255,Caudovirales,Siphoviridae,Bongovirus
8732650187146671711,Caudovirales,Siphoviridae,Reyvirus
14711470074106956761,Caudovirales,Siphoviridae,Buttersvirus
17138815765598531853,Caudovirales,Siphoviridae,Charlievirus
15297955575781915656,Caudovirales,Siphoviridae,Redivirus
17368430611955224976,Caudovirales,Siphoviridae,Baxtervirus
7926181255098509120,Caudovirales,Siphoviridae,Nymphadoravirus
3440249346543551588,Caudovirales,Siphoviridae,Bignuzvirus
8535830145191569209,Caudovirales,Siphoviridae,Fishburnevirus
2972076445821273601,Caudovirales,Siphoviridae,Phayoncevirus
6522924796109033615,Caudovirales,Siphoviridae,Eclunavirus
12326429570581105033,Caudovirales,Siphoviridae,Hanrivervirus
16387694075290341049,Caudovirales,Siphoviridae,Rogunavirus
4559032336871029021,Caudovirales,Siphoviridae,Rtpvirus
4841058665812160099,Caudovirales,Siphoviridae,Sertoctavirus
7091348029436265758,Caudovirales,Siphoviridae,Tlsvirus
10625505792436904653,Caudovirales,Siphoviridae,Tunavirus
14072954094320617790,Caudovirales,Siphoviridae,Webervirus
9318127915717543736,Caudovirales,Siphoviridae,Abidjanvirus
3558633125918139327,Caudovirales,Siphoviridae,Ahduovirus
5819902712024653213,Caudovirales,Siphoviridae,Amigovirus
1050666117252397054,Caudovirales,Siphoviridae,Anatolevirus
680594656646905598,Caudovirales,Siphoviridae,Andromedavirus
10583382379621778191,Caudovirales,Siphoviridae,Attisvirus
3015259002676584717,Caudovirales,Siphoviridae,Bantamvirus
5855463544459662346,Caudovirales,Siphoviridae,Barnyardvirus
12036163441546408840,Caudovirales,Siphoviridae,Beetrevirus
1616177249067474025,Caudovirales,Siphoviridae,Bendigovirus
12565274228738872192,Caudovirales,Siphoviridae,Bernalvirus
8221044979110863485,Caudovirales,Siphoviridae,Betterkatzvirus
2231148153300983581,Caudovirales,Siphoviridae,Bingvirus
701825405918282213,Caudovirales,Siphoviridae,Biseptimavirus
13389735696128068962,Caudovirales,Siphoviridae,Bowservirus
10259101418833822581,Caudovirales,Siphoviridae,Britbratvirus
14513042993228082589,Caudovirales,Siphoviridae,Bronvirus
9694546396683555683,Caudovirales,Siphoviridae,Brussowvirus
4062023579670515286,Caudovirales,Siphoviridae,Casadabanvirus
6164810730207735891,Caudovirales,Siphoviridae,Cbastvirus
13037277399263416336,Caudovirales,Siphoviridae,Cecivirus
7381093985958015072,Caudovirales,Siphoviridae,Ceduovirus
1360176466174800562,Caudovirales,Siphoviridae,Ceetrepovirus
3047189797368024848,Caudovirales,Siphoviridae,Cequinquevirus
257385269738170534,Caudovirales,Siphoviridae,Cetovirus
18128326776495137775,Caudovirales,Siphoviridae,Chenonavirus
15306415409116490097,Caudovirales,Siphoviridae,Cheoctovirus
2024685557952836683,Caudovirales,Siphoviridae,Chivirus
11499515320460865690,Caudovirales,Siphoviridae,Chungbukvirus
15488980282877188728,Caudovirales,Siphoviridae,Chunghsingvirus
9066736915227569815,Caudovirales,Siphoviridae,Cimpunavirus
2276000581719102691,Caudovirales,Siphoviridae,Cinunavirus
14045493554949167304,Caudovirales,Siphoviridae,Coetzeevirus
15322392059107687985,Caudovirales,Siphoviridae,Corndogvirus
3042345843418655362,Caudovirales,Siphoviridae,Cronusvirus
17581835670888865509,Caudovirales,Siphoviridae,Decurrovirus
15598596204001878140,Caudovirales,Siphoviridae,Delepquintavirus
14296303815946632811,Caudovirales,Siphoviridae,Demosthenesvirus
5475801396150704585,Caudovirales,Siphoviridae,Detrevirus
4457691151775309639,Caudovirales,Siphoviridae,Dhillonvirus
9425752891445822585,Caudovirales,Siphoviridae,Dismasvirus
15525588856340571885,Caudovirales,Siphoviridae,Doucettevirus
3978739961326631713,Caudovirales,Siphoviridae,Efquatrovirus
4417863147834866131,Caudovirales,Siphoviridae,Eiauvirus
4888619478712640440,Caudovirales,Siphoviridae,Eisenstarkvirus
12360885127187013427,Caudovirales,Siphoviridae,Elerivirus
10867534649159848080,Caudovirales,Siphoviridae,Emalynvirus
9533898496065178095,Caudovirales,Siphoviridae,Eyrevirus
10904405247324692081,Caudovirales,Siphoviridae,Farahnazvirus
8252831811764698798,Caudovirales,Siphoviridae,Fromanvirus
8025870931936912606,Caudovirales,Siphoviridae,Gaiavirus
16440634985278137644,Caudovirales,Siphoviridae,Galaxyvirus
12710785735649238892,Caudovirales,Siphoviridae,Galunavirus
3551778216177501658,Caudovirales,Siphoviridae,Gamtrevirus
9753709526564288528,Caudovirales,Siphoviridae,Gesputvirus
194151460250186089,Caudovirales,Siphoviridae,Getseptimavirus
6098923326113728762,Caudovirales,Siphoviridae,Ghobesvirus
627752429849548854,Caudovirales,Siphoviridae,Gilesvirus
16976483110191386650,Caudovirales,Siphoviridae,Gordonvirus
2124057435104494974,Caudovirales,Siphoviridae,Gordtnkvirus
16106443695081514846,Caudovirales,Siphoviridae,Gorganvirus
12022492401381558887,Caudovirales,Siphoviridae,Gorjumvirus
4946795738434831120,Caudovirales,Siphoviridae,Gustavvirus
11861700838172880619,Caudovirales,Siphoviridae,Harrisonvirus
8896733894503269616,Caudovirales,Siphoviridae,Hedwigvirus
15276789690150923517,Caudovirales,Siphoviridae,Helsingorvirus
199213681694592200,Caudovirales,Siphoviridae,Hendrixvirus
16826745882910550050,Caudovirales,Siphoviridae,Holosalinivirus
15330249930195527320,Caudovirales,Siphoviridae,Homburgvirus
12372271907038942028,Caudovirales,Siphoviridae,Ikedavirus
10057967817107801820,Caudovirales,Siphoviridae,Ilzatvirus
7053859261320291138,Caudovirales,Siphoviridae,Incheonvrus
12678904595242332921,Caudovirales,Siphoviridae,Inhavirus
14640323663535714956,Caudovirales,Siphoviridae,Jenstvirus
12330417785365773394,Caudovirales,Siphoviridae,Jesfedecavirus
15815701134209040045,Caudovirales,Siphoviridae,Kairosalinivirus
9565500672195965306,Caudovirales,Siphoviridae,Kelleziovirus
4287431900464876405,Caudovirales,Siphoviridae,Klementvirus
9769846099524361526,Caudovirales,Siphoviridae,Kojivirus
5978305181012802115,Caudovirales,Siphoviridae,Korravirus
10475842564723886175,Caudovirales,Siphoviridae,Kostyavirus
16610594720747212008,Caudovirales,Siphoviridae,Kryptosalinivirus
8678700202091426968,Caudovirales,Siphoviridae,Lacusarxvirus
12092859648500094736,Caudovirales,Siphoviridae,Lambdavirus
17931276448488144559,Caudovirales,Siphoviridae,Laroyevirus
10252588845324530477,Caudovirales,Siphoviridae,Liefievirus
15852391507207569800,Caudovirales,Siphoviridae,Lilyvirus
3256194516892668954,Caudovirales,Siphoviridae,Lokivirus
2656698426536790744,Caudovirales,Siphoviridae,Lomovskayavirus
2732315969808428014,Caudovirales,Siphoviridae,Lwoffvirus
11124292157857556730,Caudovirales,Siphoviridae,Magadivirus
4148040621083656767,Caudovirales,Siphoviridae,Mapvirus
13760640621404479957,Caudovirales,Siphoviridae,Mardecavirus
1897094660038981459,Caudovirales,Siphoviridae,Marvinvirus
11691518447373894913,Caudovirales,Siphoviridae,Minunavirus
5927244323708305067,Caudovirales,Siphoviridae,Moineauvirus
13204099932267755467,Caudovirales,Siphoviridae,Mudcatvirus
18360512544578317534,Caudovirales,Siphoviridae,Myunavirus
4508815840465314483,Caudovirales,Siphoviridae,Nanhaivirus
11880957967732026761,Caudovirales,Siphoviridae,Nickievirus
5995793823701378842,Caudovirales,Siphoviridae,Nipunavirus
17593891066799173135,Caudovirales,Siphoviridae,Nonagvirus
525337137372311489,Caudovirales,Siphoviridae,Nonanavirus
11105089639793494883,Caudovirales,Siphoviridae,Novosibvirus
5158285173142894129,Caudovirales,Siphoviridae,Nyceiraevirus
11057434594379020158,Caudovirales,Siphoviridae,Omegavirus
10367135256486581616,Caudovirales,Siphoviridae,Orchidvirus
10660464610552993338,Caudovirales,Siphoviridae,Oshimavirus
17944155581821872210,Caudovirales,Siphoviridae,Pahexavirus
786281061135596300,Caudovirales,Siphoviridae,Pamexvirus
15974114202373978455,Caudovirales,Siphoviridae,Papyrusvirus
2079792744804651906,Caudovirales,Siphoviridae,Patiencevirus
15871823864633997263,Caudovirales,Siphoviridae,Pbi1virus
17409636302727406294,Caudovirales,Siphoviridae,Pepyhexavirus
7578676905806380028,Caudovirales,Siphoviridae,Phicbkvirus
7049214887576330994,Caudovirales,Siphoviridae,Phietavirus
17787550132028593293,Caudovirales,Siphoviridae,Phifelvirus
3449165137025688009,Caudovirales,Siphoviridae,Pikminvirus
16265755714570356699,Caudovirales,Siphoviridae,Poushouvirus
8239903805758754956,Caudovirales,Siphoviridae,Priunavirus
15997521847930122088,Caudovirales,Siphoviridae,Psavirus
13621920086714056192,Caudovirales,Siphoviridae,Psimunavirus
11602070748721241560,Caudovirales,Siphoviridae,Pulverervirus
4824975341287403311,Caudovirales,Siphoviridae,Ravinvirus
9457978834162929468,Caudovirales,Siphoviridae,Rerduovirus
5434871597785608058,Caudovirales,Siphoviridae,Rigallicvirus
7785315471131982997,Caudovirales,Siphoviridae,Rimavirus
3374548624192285051,Caudovirales,Siphoviridae,Roufvirus
8372750284821021567,Caudovirales,Siphoviridae,Samistivirus
12382085820537965023,Caudovirales,Siphoviridae,Samunavirus
4398083581149853696,Caudovirales,Siphoviridae,Sanovirus
9969913386585208684,Caudovirales,Siphoviridae,Saphexavirus
13553120787113577530,Caudovirales,Siphoviridae,Sasvirus
457358340702615265,Caudovirales,Siphoviridae,Saundersvirus
1874548606954885050,Caudovirales,Siphoviridae,Scapunavirus
10496375537230448953,Caudovirales,Siphoviridae,Septimatrevirus
7869586866408231595,Caudovirales,Siphoviridae,Seuratvirus
5807594810830604910,Caudovirales,Siphoviridae,Sextaecvirus
15039851668190318676,Caudovirales,Siphoviridae,Sitaravirus
9085185478681438307,Caudovirales,Siphoviridae,Skunavirus
7371718099255906748,Caudovirales,Siphoviridae,Slashvirus
13224972529220507567,Caudovirales,Siphoviridae,Smoothievirus
7833710585106023681,Caudovirales,Siphoviridae,Soupsvirus
12403329126860571727,Caudovirales,Siphoviridae,Sourvirus
1106439866530885023,Caudovirales,Siphoviridae,Spbetavirus
14634638972384834292,Caudovirales,Siphoviridae,Stanholtvirus
2898687126065536388,Caudovirales,Siphoviridae,Steinhofvirus
5234389668883287902,Caudovirales,Siphoviridae,Sugarlandvirus
12908155838053642392,Caudovirales,Siphoviridae,Tankvirus
53348693622018630,Caudovirales,Siphoviridae,Tequintavirus
268751978762104582,Caudovirales,Siphoviridae,Timquatrovirus
1778292147448627338,Caudovirales,Siphoviridae,Tinduovirus
15460867219131712251,Caudovirales,Siphoviridae,Titanvirus
11438946901028189731,Caudovirales,Siphoviridae,Tortellinivirus
3842056488412109360,Caudovirales,Siphoviridae,Triavirus
9276138916812406773,Caudovirales,Siphoviridae,Trigintaduovirus
15837806683279289135,Caudovirales,Siphoviridae,Trinavirus
15423299456144277889,Caudovirales,Siphoviridae,Trippvirus
16969380682179334885,Caudovirales,Siphoviridae,Unahavirus
294419639211724068,Caudovirales,Siphoviridae,Vegasvirus
910958206887717642,Caudovirales,Siphoviridae,Vendettavirus
12615751439285552125,Caudovirales,Siphoviridae,Vhulanivirus
16037251243164099459,Caudovirales,Siphoviridae,Vidquintavirus
3224131211255743445,Caudovirales,Siphoviridae,Vieuvirus
10139458299727800783,Caudovirales,Siphoviridae,Vividuovirus
8008632929116507635,Caudovirales,Siphoviridae,Wbetavirus
2353570962988943242,Caudovirales,Siphoviridae,Weaselvirus
5295625571064604947,Caudovirales,Siphoviridae,Wildcatvirus
10493948327883483847,Caudovirales,Siphoviridae,Wilnyevirus
3034635401681008306,Caudovirales,Siphoviridae,Wizardvirus
16111356908147164436,Caudovirales,Siphoviridae,Woesvirus
3043933303000242599,Caudovirales,Siphoviridae,Woodruffvirus
14566870759947560234,Caudovirales,Siphoviridae,Xiamenvirus
14032619714057454472,Caudovirales,Siphoviridae,Xipdecavirus
10587105392260382232,Caudovirales,Siphoviridae,Yuavirus
5627495945749280477,Caudovirales,Siphoviridae,Yvonnevirus
12373209105847710262,Herpesvirales,Alloherpesviridae,Batrachovirus
5612999451683760630,Herpesvirales,Alloherpesviridae,Cyprinivirus
5421771684965952852,Herpesvirales,Alloherpesviridae,Ictalurivirus
10071559097564155704,Herpesvirales,Alloherpesviridae,Salmonivirus
8103404143061997978,Herpesvirales,Herpesviridae,Iltovirus
8668777576443708730,Herpesvirales,Herpesviridae,Mardivirus
11138095438720331072,Herpesvirales,Herpesviridae,Scutavirus
11201913826049196754,Herpesvirales,Herpesviridae,Simplexvirus
4594902782780476574,Herpesvirales,Herpesviridae,Varicellovirus
2861166884728817657,Herpesvirales,Herpesviridae,
14927839272773457968,Herpesvirales,Herpesviridae,Cytomegalovirus
16487865095284905862,Herpesvirales,Herpesviridae,Muromegalovirus
4779546304263711840,Herpesvirales,Herpesviridae,Proboscivirus
18297766625837906567,Herpesvirales,Herpesviridae,Roseolovirus
2068739413978091841,Herpesvirales,Herpesviridae,Lymphocryptovirus
2219595618531713319,Herpesvirales,Herpesviridae,Macavirus
4785623396541372364,Herpesvirales,Herpesviridae,Percavirus
7151358893863406321,Herpesvirales,Herpesviridae,Rhadinovirus
3452356017998385207,Herpesvirales,Malacoherpesviridae,Aurivirus
10750006169784413812,Herpesvirales,Malacoherpesviridae,Ostreavirus
175942275095599920,Ligamenvirales,Lipothrixviridae,Betalipothrixvirus
14189261091751611459,Ligamenvirales,Lipothrixviridae,Deltalipothrixvirus
15958469271179865328,Ligamenvirales,Lipothrixviridae,Gammalipothrixvirus
17900683145448084998,Ligamenvirales,Rudiviridae,Rudivirus
12858864846648052143,Ortervirales,Belpaoviridae,Semotivirus
1487264678749534012,Ortervirales,Caulimoviridae,Badnavirus
5308064249057497071,Ortervirales,Caulimoviridae,Caulimovirus
6177037282863280392,Ortervirales,Caulimoviridae,Cavemovirus
13917982903142955895,Ortervirales,Caulimoviridae,Petuvirus
6142379244086736816,Ortervirales,Caulimoviridae,Rosadnavirus
7786801047389715394,Ortervirales,Caulimoviridae,Solendovirus
1416715701057768603,Ortervirales,Caulimoviridae,Soymovirus
14700706968526499344,Ortervirales,Caulimoviridae,Tungrovirus
17666154269508112482,Ortervirales,Metaviridae,Errantivirus
3284618403747454930,Ortervirales,Metaviridae,Metavirus
18340265514054545722,Ortervirales,Pseudoviridae,Hemivirus
12724694053951920427,Ortervirales,Pseudoviridae,Pseudovirus
17048251436664371933,Ortervirales,Pseudoviridae,Sirevirus
8334172263683050659,Ortervirales,Pseudoviridae,
17582610746584955257,Ortervirales,Retroviridae,Alpharetrovirus
3462515248170933474,Ortervirales,Retroviridae,Betaretrovirus
4818857605109570291,Ortervirales,Retroviridae,Deltaretrovirus
16474571991739055549,Ortervirales,Retroviridae,Epsilonretrovirus
3494656017361520892,Ortervirales,Retroviridae,Gammaretrovirus
13212505278003041500,Ortervirales,Retroviridae,Lentivirus
5823171482150397508,Ortervirales,Retroviridae,Bovispumavirus
6656859249617291398,Ortervirales,Retroviridae,Equispumavirus
11824413686820266081,Ortervirales,Retroviridae,Felispumavirus
5728622867797510449,Ortervirales,Retroviridae,Prosimiispumavirus
5632257823572000616,Ortervirales,Retroviridae,Simiispumavirus
1121255328246406232,,Adenoviridae,Atadenovirus
8786882960706806026,,Adenoviridae,Aviadenovirus
4767443402483687996,,Adenoviridae,Ichtadenovirus
3243570179814831661,,Adenoviridae,Mastadenovirus
8624526327171486605,,Adenoviridae,Siadenovirus
9620874014980253075,,Alphasatellitidae,Ageyesisatellite
912198482403544725,,Alphasatellitidae,Clecrusatellite
1908160354575790496,,Alphasatellitidae,Colecusatellite
3256005288400172743,,Alphasatellitidae,Gosmusatellite
5541061541721857337,,Alphasatellitidae,
5192814773090323162,,Alphasatellitidae,Babusatellite
9403437495977620085,,Alphasatellitidae,Clostunsatellite
13261174373635989288,,Alphasatellitidae,Fabenesatellite
15360016052813535519,,Alphasatellitidae,Milvetsatellite
4391290021898599134,,Alphasatellitidae,Mivedwarsatellite
7121429122947450492,,Alphasatellitidae,Sophoyesatellite
16555719461176913264,,Alphasatellitidae,Subclovsatellite
16895875940138579052,,Ampullaviridae,Ampullavirus
5966489377139116734,,Anelloviridae,Alphatorquevirus
4855508773250819618,,Anelloviridae,Betatorquevirus
15939549117990554931,,Anelloviridae,Deltatorquevirus
11585043629033572389,,Anelloviridae,Epsilontorquevirus
3494629371414447571,,Anelloviridae,Etatorquevirus
11014440959453387596,,Anelloviridae,Gammatorquevirus
10940924733694513167,,Anelloviridae,Gyrovirus
17941591355925664263,,Anelloviridae,Iotatorquevirus
10966733178142602204,,Anelloviridae,Kappatorquevirus
3672401477789066901,,Anelloviridae,Lambdatorquevirus
9192558522343758169,,Anelloviridae,Mutorquevirus
16831780990994886622,,Anelloviridae,Nutorquevirus
7261311834416037056,,Anelloviridae,Thetatorquevirus
8712614815022617449,,Anelloviridae,Zetatorquevirus
3741669098773680897,,Ascoviridae,Ascovirus
1520593041038843907,,Ascoviridae,Toursvirus
3432846133268204690,,Asfarviridae,Asfivirus
15260539618741139106,,Bacilladnaviridae,Diatodnavirus
8367220424845967615,,Bacilladnaviridae,Kieseladnavirus
15442320829864548528,,Bacilladnaviridae,Protobacilladnavirus
7361011971780932081,,Baculoviridae,Alphabaculovirus
2152765239610093810,,Baculoviridae,Betabaculovirus
2555905971072774440,,Baculoviridae,Deltabaculovirus
17952408439494700490,,Baculoviridae,Gammabaculovirus
1868927624154759214,,Bicaudaviridae,Bicaudavirus
2286671267756719978,,Bidnaviridae,Bidensovirus
15907293917019156883,,Circoviridae,Circovirus
7319222965055938068,,Circoviridae,Cyclovirus
5864947521756482150,,Clavaviridae,Clavavirus
15258823877682346614,,Corticoviridae,Corticovirus
12930669296958484645,,Fuselloviridae,Alphafusellovirus
11342275137505714837,,Fuselloviridae,Betafusellovirus
7505123207750273704,,Geminiviridae,Becurtovirus
16072674341836632700,,Geminiviridae,Begomovirus
6265636136033809674,,Geminiviridae,Capulavirus
3704990285261362368,,Geminiviridae,Curtovirus
6416837018008098662,,Geminiviridae,Eragrovirus
1504463239965801980,,Geminiviridae,Grablovirus
10153453127574384475,,Geminiviridae,Mastrevirus
13450697569403297780,,Geminiviridae,Topocuvirus
2644863167806004166,,Geminiviridae,Turncurtovirus
7536628342899629447,,Geminiviridae,
14451546055634287763,,Genomoviridae,Gemycircularvirus
3695167356422135667,,Genomoviridae,Gemyduguivirus
4708184602801697640,,Genomoviridae,Gemygorvirus
14920593128175221618,,Genomoviridae,Gemykibivirus
2708823239052437032,,Genomoviridae,Gemykolovirus
12079989115616102151,,Genomoviridae,Gemykrogvirus
6138500822289534526,,Genomoviridae,Gemykroznavirus
1763255829079081258,,Genomoviridae,Gemytondvirus
9742745730296721327,,Genomoviridae,Gemyvongvirus
9858707062144661368,,Globuloviridae,Globulovirus
2519866039022254448,,Guttaviridae,Alphaguttavirus
4295378401432192622,,Guttaviridae,Betaguttavirus
9950726499543477470,,Hepadnaviridae,Avihepadnavirus
233351932449342276,,Hepadnaviridae,Orthohepadnavirus
3019580978596175327,,Hepadnaviridae,
189672515861516973,,Hytrosaviridae,Glossinavirus
5875999700133280858,,Hytrosaviridae,Muscavirus
13848334755392499450,,Inoviridae,Fibrovirus
11453316962555357112,,Inoviridae,Habenivirus
1551993106216266861,,Inoviridae,Inovirus
8929683997427546891,,Inoviridae,Lineavirus
17053698028958664972,,Inoviridae,Plectrovirus
7674544442796042724,,Inoviridae,Saetivirus
11682110849975761026,,Inoviridae,Vespertiliovirus
6366888707158750427,,Inoviridae,
3770610118597734835,,Iridoviridae,Lymphocystivirus
10161343103976757415,,Iridoviridae,Megalocytivirus
5887362015254615580,,Iridoviridae,Ranavirus
11658871305602066350,,Iridoviridae,Chloriridovirus
7942837437912894888,,Iridoviridae,Decapodiridovirus
1627608303177788131,,Iridoviridae,Iridovirus
4442456753545950407,,Lavidaviridae,Mavirus
16413471130337040385,,Lavidaviridae,Sputnikvirus
2054835748749808028,,Marseilleviridae,Marseillevirus
9706275115214290657,,Marseilleviridae,
12483546831771603704,,Microviridae,Alphatrevirus
17104499199531001359,,Microviridae,Gequatrovirus
13241139495942772097,,Microviridae,Sinsheimervirus
66573655328364167,,Microviridae,Bdellomicrovirus
6110234670520883655,,Microviridae,Chlamydiamicrovirus
13864099361249373173,,Microviridae,Spiromicrovirus
6853419165931273160,,Mimiviridae,Cafeteriavirus
13918707378201015977,,Mimiviridae,Mimivirus
15461392792385400673,,Nanoviridae,Babuvirus
883107271584209989,,Nanoviridae,Nanovirus
486525622106128993,,Nanoviridae,
10017566388405018067,,Nimaviridae,Whispovirus
10248372922143826383,,Nudiviridae,Alphanudivirus
545246238947930990,,Nudiviridae,Betanudivirus
14083912573481170453,,Ovaliviridae,Alphaovalivirus
11525305540044178277,,Papillomaviridae,Alphapapillomavirus
1322172702309067210,,Papillomaviridae,Betapapillomavirus
9080251381165497758,,Papillomaviridae,Chipapillomavirus
6555694814797859178,,Papillomaviridae,Deltapapillomavirus
17538425954373459088,,Papillomaviridae,Dyochipapillomavirus
785860029931717649,,Papillomaviridae,Dyodeltapapillomavirus
17940072682076664028,,Papillomaviridae,Dyoepsilonpapillomavirus
13578003168851519930,,Papillomaviridae,Dyoetapapillomavirus
10150787618476540860,,Papillomaviridae,Dyoiotapapillomavirus
6920859266983473746,,Papillomaviridae,Dyokappapapillomavirus
10567956783213272338,,Papillomaviridae,Dyolambdapapillomavirus
11491007371916689556,,Papillomaviridae,Dyomupapillomavirus
18407542147419724678,,Papillomaviridae,Dyonupapillomavirus
6350434682816680530,,Papillomaviridae,Dyoomegapapillomavirus
456164494975367037,,Papillomaviridae,Dyoomikronpapillomavirus
14443856477776359538,,Papillomaviridae,Dyophipapillomavirus
11332504590751067369,,Papillomaviridae,Dyopipapillomavirus
11571849600402121925,,Papillomaviridae,Dyopsipapillomavirus
12010477411064519777,,Papillomaviridae,Dyorhopapillomavirus
15894029063792641209,,Papillomaviridae,Dyosigmapapillomavirus
15983579709242938291,,Papillomaviridae,Dyotaupapillomavirus
18251346723735569596,,Papillomaviridae,Dyothetapapillomavirus
7956589833154908338,,Papillomaviridae,Dyoupsilonpapillomavirus
3748992283425530169,,Papillomaviridae,Dyoxipapillomavirus
292990538097436952,,Papillomaviridae,Dyozetapapillomavirus
7682321079691519920,,Papillomaviridae,Epsilonpapillomavirus
2889758976697276616,,Papillomaviridae,Etapapillomavirus
17444973357910217929,,Papillomaviridae,Gammapapillomavirus
7682071072553013250,,Papillomaviridae,Iotapapillomavirus
13506363375971730008,,Papillomaviridae,Kappapapillomavirus
18235335575787786471,,Papillomaviridae,Lambdapapillomavirus
2652980582195316904,,Papillomaviridae,Mupapillomavirus
945300173670954917,,Papillomaviridae,Nupapillomavirus
3355497398196704722,,Papillomaviridae,Omegapapillomavirus
6005844464636432815,,Papillomaviridae,Omikronpapillomavirus
17706040490116974448,,Papillomaviridae,Phipapillomavirus
10273389510594755567,,Papillomaviridae,Pipapillomavirus
12007245920507258847,,Papillomaviridae,Psipapillomavirus
2761401044901877161,,Papillomaviridae,Rhopapillomavirus
7914872099196122117,,Papillomaviridae,Sigmapapillomavirus
7969119150011246815,,Papillomaviridae,Taupapillomavirus
17166191084352183156,,Papillomaviridae,Thetapapillomavirus
17620262621439843760,,Papillomaviridae,Treisdeltapapillomavirus
456964285417396969,,Papillomaviridae,Treisepsilonpapillomavirus
13881550568341648070,,Papillomaviridae,Treisetapapillomavirus
12650200959991038052,,Papillomaviridae,Treisiotapapillomavirus
11319043767091886079,,Papillomaviridae,Treiskappapapillomavirus
7012122378513632257,,Papillomaviridae,Treisthetapapillomavirus
16611443728825749253,,Papillomaviridae,Treiszetapapillomavirus
11864103685213127986,,Papillomaviridae,Upsilonpapillomavirus
6193253940935881018,,Papillomaviridae,Xipapillomavirus
9881760326562659583,,Papillomaviridae,Zetapapillomavirus
14654847149522467282,,Papillomaviridae,Alefpapillomavirus
11575431657667469011,,Parvoviridae,Ambidensovirus
6937055887085690896,,Parvoviridae,Brevidensovirus
9103552470923243827,,Parvoviridae,Hepandensovirus
18295800594827589218,,Parvoviridae,Iteradensovirus
15004021468298533825,,Parvoviridae,Penstyldensovirus
600516583288575431,,Parvoviridae,
9719160151875052352,,Parvoviridae,Amdoparvovirus
8920128093615906118,,Parvoviridae,Aveparvovirus
11169344596675307497,,Parvoviridae,Bocaparvovirus
17164535384945755704,,Parvoviridae,Copiparvovirus
481836539098640270,,Parvoviridae,Dependoparvovirus
9210159496977452614,,Parvoviridae,Erythroparvovirus
15889368688570932539,,Parvoviridae,Protoparvovirus
4920519170070783627,,Parvoviridae,Tetraparvovirus
15866425307514076311,,Phycodnaviridae,Chlorovirus
14612443862100121795,,Phycodnaviridae,Coccolithovirus
3321999720913711079,,Phycodnaviridae,Phaeovirus
15967463064443181729,,Phycodnaviridae,Prasinovirus
9937250723522142112,,Phycodnaviridae,Prymnesiovirus
13003949134088751965,,Phycodnaviridae,Raphidovirus
2773137954308900907,,Plasmaviridae,Plasmavirus
10438930533423790313,,Pleolipoviridae,Alphapleolipovirus
10100746173644870793,,Pleolipoviridae,Betapleolipovirus
5626305086624698344,,Pleolipoviridae,Gammapleolipovirus
799508302825194707,,Polydnaviridae,Bracovirus
11218043319218062126,,Polydnaviridae,Ichnovirus
9927327407620577275,,Polyomaviridae,Alphapolyomavirus
4721458293226621438,,Polyomaviridae,Betapolyomavirus
3251866958831080776,,Polyomaviridae,Deltapolyomavirus
5192967746220064651,,Polyomaviridae,Gammapolyomavirus
6330024318293607610,,Polyomaviridae,
7998773773996544844,,Portogloboviridae,Alphaportoglobovirus
353660812514109656,,Poxviridae,Avipoxvirus
8208818969358177943,,Poxviridae,Capripoxvirus
11604758211339709350,,Poxviridae,Centapoxvirus
1811433379602141125,,Poxviridae,Cervidpoxvirus
2594041176546660051,,Poxviridae,Crocodylidpoxvirus
8133663008432917054,,Poxviridae,Leporipoxvirus
6206362200584270803,,Poxviridae,Molluscipoxvirus
15697900463581825777,,Poxviridae,Orthopoxvirus
2157105987522947452,,Poxviridae,Parapoxvirus
18239796523832779961,,Poxviridae,Suipoxvirus
7622717978380444423,,Poxviridae,Yatapoxvirus
996310532625505746,,Poxviridae,
4945144300105809319,,Poxviridae,Alphaentomopoxvirus
2566476480561269406,,Poxviridae,Betaentomopoxvirus
11327098278825962538,,Poxviridae,Gammaentomopoxvirus
135415577149385727,,Smacoviridae,Bovismacovirus
3805006121435269450,,Smacoviridae,Cosmacovirus
534363522268792655,,Smacoviridae,Dragsmacovirus
5028658359551723451,,Smacoviridae,Drosmacovirus
18099645817978018500,,Smacoviridae,Huchismacovirus
3716948605600898484,,Smacoviridae,Porprismacovirus
13708892025589914697,,Sphaerolipoviridae,Alphasphaerolipovirus
8759841787156429389,,Sphaerolipoviridae,Betasphaerolipovirus
2657315930584726209,,Sphaerolipoviridae,Gammasphaerolipovirus
4234846039393573908,,Spiraviridae,Alphaspiravirus
9010715809140906959,,Tectiviridae,Alphatectivirus
12835806370551650285,,Tectiviridae,Betatectivirus
10112484503579691834,,Tectiviridae,Gammatectivirus
11115802098711793958,,Tolecusatellitidae,Betasatellite
7340825140731034489,,Tolecusatellitidae,Deltasatellite
692468568746094199,,Tristromaviridae,Alphatristromavirus
2015596751859890845,,Turriviridae,Alphaturrivirus
8998545495757149824,,,Dinodnavirus
4047965281220784657,,,Rhizidiovirus
18039556940669157838,,,Salterprovirus
10733552809829077543,Muvirales,Qinviridae,
5352724177903370101,Serpentovirales,Aspiviridae,
1408979080908571909,Jingchuvirales,Chuviridae,
15580415268866047753,Mononegavirales,Artoviridae,
10494793065887169533,Mononegavirales,Bornaviridae,
12578418604154162799,Mononegavirales,Filoviridae,
17385582388537835306,Mononegavirales,Lispiviridae,
509012153179794165,Mononegavirales,Mymonaviridae,
13708297090343611642,Mononegavirales,Nyamiviridae,
12300748817001988197,Mononegavirales,Paramyxoviridae,
2044142711803364269,Mononegavirales,Pneumoviridae,
13143737552221549223,Mononegavirales,Rhabdoviridae,
7327263163565898126,Mononegavirales,Sunviridae,
7898917127033728754,Mononegavirales,Xinmoviridae,
14866259928583561356,Goujianvirales,Yueviridae,
16321252874354041997,Bunyavirales,Arenaviridae,
14052624015160021314,Bunyavirales,Cruliviridae,
490012256014114949,Bunyavirales,Fimoviridae,
16967261709329990798,Bunyavirales,Hantaviridae,
12228357743647244188,Bunyavirales,Leishbuviridae,
4549395419216006164,Bunyavirales,Mypoviridae,
14076959276821639447,Bunyavirales,Nairoviridae,
837994325644579153,Bunyavirales,Peribunyaviridae,
7481049641078048933,Bunyavirales,Phasmaviridae,
7093304875629293726,Bunyavirales,Phenuiviridae,
2281851764718727200,Bunyavirales,Tospoviridae,
7361197024169069147,Bunyavirales,Wupedeviridae,
4976280851845316745,Bunyavirales,,
8837114576836430662,Articulavirales,Amnoonviridae,
12734374294234510016,Articulavirales,Orthomyxoviridae,
7434982853996888794,Nidovirales,Abyssoviridae,
10411388214278604511,Nidovirales,Arteriviridae,
17539522234216727717,Nidovirales,Coronaviridae,
6592492418620174465,Nidovirales,Medioniviridae,
16449515942130280747,Nidovirales,Mesoniviridae,
18209080863773677704,Nidovirales,Mononiviridae,
17757772556517552558,Nidovirales,Euroniviridae,
12817105942747227356,Nidovirales,Roniviridae,
6122867380902820833,Nidovirales,Tobaniviridae,
9745607178002661305,Picornavirales,Dicistroviridae,
564500537565550915,Picornavirales,Iflaviridae,
8696067267272954880,Picornavirales,Marnaviridae,
5189173222969227420,Picornavirales,Picornaviridae,
297113023371644698,Picornavirales,Polycipiviridae,
18442918324328782332,Picornavirales,Secoviridae,
761779235246168668,Tymovirales,Alphaflexiviridae,
15756420720685569934,Tymovirales,Betaflexiviridae,
15311850421872219443,Tymovirales,Deltaflexiviridae,
11614082013199123922,Tymovirales,Gammaflexiviridae,
14977452647917474630,Tymovirales,Tymoviridae,
9228746828724081782,,Alphatetraviridae,
10166830554951389617,,Alvernaviridae,
13470326282945470509,,Amalgaviridae,
4911852743681454681,,Astroviridae,
9940420662170997633,,Avsunviroidae,
15823069307382905086,,Barnaviridae,
6965251766262831319,,Benyviridae,
11987306834286643316,,Birnaviridae,
11081328798921533827,,Botourmiaviridae,
140112450914127102,,Bromoviridae,
3422211176002561018,,Caliciviridae,
16324260895320159702,,Carmotetraviridae,
5228452417071697229,,Chrysoviridae,
8439735771482037668,,Closteroviridae,
473802261016124463,,Cystoviridae,
10638358179761165915,,Endornaviridae,
15827971041342306423,,Flaviviridae,
774715932061714289,,Hepeviridae,
7834860910872096701,,Hypoviridae,
3718461667641495909,,Kitaviridae,
17244756654305142423,,Leviviridae,
4060528112434215957,,Luteoviridae,
13741582943257432276,,Matonaviridae,
712630349754073690,,Megabirnaviridae,
10212492216599159858,,Narnaviridae,
15194901434995846466,,Nodaviridae,
16821135977594154597,,Partitiviridae,
10399133022027697551,,Permutotetraviridae,
15590987077366045021,,Picobirnaviridae,
370276718267681954,,Pospiviroidae,
12590269537871935321,,Potyviridae,
10837625939482854461,,Quadriviridae,
4587885638070934604,,Reoviridae,
8879743167311700373,,Sarthroviridae,
10523857894505177031,,Solemoviridae,
11438626482842073865,,Solinviviridae,
2021383341177587245,,Togaviridae,
15298765269357344365,,Tombusviridae,
1672105101560800484,,Totiviridae,
3056605201484437249,,Virgaviridae,
9344978457848753568,,,
2327132983084810206,Caudovirales,Ackermannviridae,
7479225415725116149,Caudovirales,Herelleviridae,
9498091154820657759,Caudovirales,Myoviridae,
15516007736197788445,Caudovirales,Podoviridae,
14640028904381254302,Caudovirales,Siphoviridae,
3146893385715142946,Herpesvirales,Alloherpesviridae,
12775201073211150008,Herpesvirales,Herpesviridae,
9245836071774650003,Herpesvirales,Malacoherpesviridae,
10710118997746492604,Ligamenvirales,Lipothrixviridae,
9021919736852398611,Ligamenvirales,Rudiviridae,
4829576413031000979,Ortervirales,Belpaoviridae,
6737729126581388802,Ortervirales,Caulimoviridae,
13684330765343539653,Ortervirales,Metaviridae,
5295313507263015577,Ortervirales,Pseudoviridae,
4165494160945563059,Ortervirales,Retroviridae,
10261557910777745435,,Adenoviridae,
1768273706084040964,,Alphasatellitidae,
15397740026886596768,,Ampullaviridae,
5756174496301893516,,Anelloviridae,
15396212774253584922,,Ascoviridae,
8880629740326354459,,Asfarviridae,
15178695548442823122,,Bacilladnaviridae,
11534476623594015063,,Baculoviridae,
16882266556068547719,,Bicaudaviridae,
8417678352013135926,,Bidnaviridae,
16506267111701427890,,Circoviridae,
2067509900622834322,,Clavaviridae,
6249140993375021005,,Corticoviridae,
8430594607876614644,,Fuselloviridae,
413321826769964637,,Geminiviridae,
13552471342515399734,,Genomoviridae,
13337254613968293353,,Globuloviridae,
13275041850250511862,,Guttaviridae,
731653526236057497,,Hepadnaviridae,
8546658612843687168,,Hytrosaviridae,
7536273297992425456,,Inoviridae,
11450417003639572877,,Iridoviridae,
3530852017660304192,,Lavidaviridae,
8826801298234714483,,Marseilleviridae,
16971990554559348383,,Microviridae,
4453623558365801933,,Mimiviridae,
16628182480846838326,,Nanoviridae,
11547356184628855348,,Nimaviridae,
9019518597259977225,,Nudiviridae,
14396504008637649809,,Ovaliviridae,
547341552790707816,,Papillomaviridae,
8158850064357860700,,Parvoviridae,
17838716629884758694,,Phycodnaviridae,
10639214150095668515,,Plasmaviridae,
15181878223929833037,,Pleolipoviridae,
15763980736363928459,,Polydnaviridae,
7432340029046501865,,Polyomaviridae,
7067998107986854512,,Portogloboviridae,
7881945463389589399,,Poxviridae,
6444975953661570342,,Smacoviridae,
5982415695515117311,,Sphaerolipoviridae,
3738511617647816359,,Spiraviridae,
17298464511814610950,,Tectiviridae,
5462609880479808907,,Tolecusatellitidae,
9727485895071227996,,Tristromaviridae,
581553403000410297,,Turriviridae,
4585611159393502534,Muvirales,,
13092194644662325422,Serpentovirales,,
6623410577990683035,Jingchuvirales,,
15236475862904239596,Mononegavirales,,
5389815956565165597,Goujianvirales,,
13263317633192591521,Bunyavirales,,
15840509768968789885,Articulavirales,,
11032485011476569020,Nidovirales,,
4741491931101889054,Picornavirales,,
13845930669860033568,Tymovirales,,
5496450762109605214,,,
17414577769356431860,Caudovirales,,
17547006024466792960,Herpesvirales,,
14690821644029194959,Ligamenvirales,,
7594999149990188756,Ortervirales,,
